Manufacturer,Model,Age,Gender,Region,Sum,EV/Hybrid available,Car type,Price,Country,advertisement list API,link to list page of Encar.com
Audi,A5,35~39,M,Seoul,747,X,MIDDLE,3605,Germany,http://api.encar.com/search/car/list/premium?count=true&sr=|ModifiedDate|0|5&q=(And.Hidden.N._.(C.CarType.A._.(C.Manufacturer.아우디._.ModelGroup.A5.))),"http://www.encar.com/fc/fc_carsearchlist.do?carType=for&searchType=model&TG.R=B#!{""action"":""(And.Hidden.N._.(C.CarType.A._.(C.Manufacturer.아우디._.ModelGroup.A5.)))"",""toggle"":{},""layer"":"""",""sort"":""ModifiedDate"",""page"":1,""limit"":20}"
Audi,A7,35~39,M,Seoul,958,X,BIG,5069,Germany,http://api.encar.com/search/car/list/premium?count=true&sr=|ModifiedDate|0|5&q=(And.Hidden.N._.(C.CarType.A._.(C.Manufacturer.아우디._.ModelGroup.A7.))),"http://www.encar.com/fc/fc_carsearchlist.do?carType=for&searchType=model&TG.R=B#!{""action"":""(And.Hidden.N._.(C.CarType.A._.(C.Manufacturer.아우디._.ModelGroup.A7.)))"",""toggle"":{},""layer"":"""",""sort"":""ModifiedDate"",""page"":1,""limit"":20}"
Audi,NEW A3,35~39,M,Gyeonggi-do,403,X,SMALL/COMPACT,1900,Germany,http://api.encar.com/search/car/list/premium?count=true&sr=|ModifiedDate|0|5&q=(And.Hidden.N._.(C.CarType.A._.(C.Manufacturer.아우디._.(C.ModelGroup.A3._.Model.뉴 A3.)))),"http://www.encar.com/fc/fc_carsearchlist.do?carType=for&searchType=model&TG.R=B#!{""action"":""(And.Hidden.N._.(C.CarType.A._.(C.Manufacturer.아우디._.(C.ModelGroup.A3._.Model.뉴 A3.))))"",""toggle"":{},""layer"":"""",""sort"":""ModifiedDate"",""page"":1,""limit"":20}"
Audi,New A4,35~39,M,Gyeonggi-do,1144,X,SMALL/COMPACT,2416,Germany,http://api.encar.com/search/car/list/premium?count=true&sr=|ModifiedDate|0|5&q=(And.Hidden.N._.(C.CarType.A._.(C.Manufacturer.아우디._.(C.ModelGroup.A4._.Model.뉴 A4.)))),"http://www.encar.com/fc/fc_carsearchlist.do?carType=for&searchType=model&TG.R=B#!{""action"":""(And.Hidden.N._.(C.CarType.A._.(C.Manufacturer.아우디._.(C.ModelGroup.A4._.Model.뉴 A4.))))"",""toggle"":{},""layer"":"""",""sort"":""ModifiedDate"",""page"":1,""limit"":20}"
Audi,NEW A6,35~39,M,Gyeonggi-do,2253,O,MIDDLE,3303,Germany,http://api.encar.com/search/car/list/premium?count=true&sr=|ModifiedDate|0|5&q=(And.Hidden.N._.(C.CarType.A._.(C.Manufacturer.아우디._.(C.ModelGroup.A6._.Model.뉴 A6.)))),"http://www.encar.com/fc/fc_carsearchlist.do?carType=for&searchType=model&TG.R=B#!{""action"":""(And.Hidden.N._.(C.CarType.A._.(C.Manufacturer.아우디._.(C.ModelGroup.A6._.Model.뉴 A6.))))"",""toggle"":{},""layer"":"""",""sort"":""ModifiedDate"",""page"":1,""limit"":20}"
Audi,NEW A8,40~44,M,Gyeonggi-do,617,X,BIG,8016,Germany,http://api.encar.com/search/car/list/premium?count=true&sr=|ModifiedDate|0|5&q=(And.Hidden.N._.(C.CarType.A._.(C.Manufacturer.아우디._.(C.ModelGroup.A8._.Model.뉴 A8.)))),"http://www.encar.com/fc/fc_carsearchlist.do?carType=for&searchType=model&TG.R=B#!{""action"":""(And.Hidden.N._.(C.CarType.A._.(C.Manufacturer.아우디._.(C.ModelGroup.A8._.Model.뉴 A8.))))"",""toggle"":{},""layer"":"""",""sort"":""ModifiedDate"",""page"":1,""limit"":20}"
Audi,Q5,35~39,M,Gyeonggi-do,564,X,SUV/RV,4117,Germany,http://api.encar.com/search/car/list/premium?count=true&sr=|ModifiedDate|0|5&q=(And.Hidden.N._.(C.CarType.A._.(C.Manufacturer.아우디._.ModelGroup.Q5.))),"http://www.encar.com/fc/fc_carsearchlist.do?carType=for&searchType=model&TG.R=B#!{""action"":""(And.Hidden.N._.(C.CarType.A._.(C.Manufacturer.아우디._.ModelGroup.Q5.)))"",""toggle"":{},""layer"":"""",""sort"":""ModifiedDate"",""page"":1,""limit"":20}"
BMW,1-Series (F20),30~34,M,Gyeonggi-do,707,X,,,Germany,http://api.encar.com/search/car/list/premium?count=true&sr=|ModifiedDate|0|5&q=(And.Hidden.N._.(C.CarType.A._.(C.Manufacturer.BMW._.(C.ModelGroup.1시리즈._.Model.1시리즈 (F20_).)))),"http://www.encar.com/fc/fc_carsearchlist.do?carType=for&searchType=model&TG.R=B#!{""action"":""(And.Hidden.N._.(C.CarType.A._.(C.Manufacturer.BMW._.(C.ModelGroup.1시리즈._.Model.1시리즈 (F20_).))))"",""toggle"":{},""layer"":"""",""sort"":""ModifiedDate"",""page"":1,""limit"":20}"
BMW,3-Series,40~44,M,Gyeonggi-do,488,X,,,Germany,http://api.encar.com/search/car/list/premium?count=true&sr=|ModifiedDate|0|5&q=(And.Hidden.N._.(C.CarType.A._.(C.Manufacturer.BMW._.(C.ModelGroup.3시리즈._.Model.3시리즈.)))),"http://www.encar.com/fc/fc_carsearchlist.do?carType=for&searchType=model&TG.R=B#!{""action"":""(And.Hidden.N._.(C.CarType.A._.(C.Manufacturer.BMW._.(C.ModelGroup.3시리즈._.Model.3시리즈.))))"",""toggle"":{},""layer"":"""",""sort"":""ModifiedDate"",""page"":1,""limit"":20}"
BMW,3-Series (E90),35~39,M,Gyeonggi-do,1131,X,,,Germany,http://api.encar.com/search/car/list/premium?count=true&sr=|ModifiedDate|0|5&q=(And.Hidden.N._.(C.CarType.A._.(C.Manufacturer.BMW._.(C.ModelGroup.3시리즈._.Model.3시리즈 (E90).)))),"http://www.encar.com/fc/fc_carsearchlist.do?carType=for&searchType=model&TG.R=B#!{""action"":""(And.Hidden.N._.(C.CarType.A._.(C.Manufacturer.BMW._.(C.ModelGroup.3시리즈._.Model.3시리즈 (E90).))))"",""toggle"":{},""layer"":"""",""sort"":""ModifiedDate"",""page"":1,""limit"":20}"
BMW,3-Series (F30),35~39,M,Gyeonggi-do,2318,O,SMALL/COMPACT,3296,Germany,http://api.encar.com/search/car/list/premium?count=true&sr=|ModifiedDate|0|5&q=(And.Hidden.N._.(C.CarType.A._.(C.Manufacturer.BMW._.(C.ModelGroup.3시리즈._.Model.3시리즈 (F30).)))),"http://www.encar.com/fc/fc_carsearchlist.do?carType=for&searchType=model&TG.R=B#!{""action"":""(And.Hidden.N._.(C.CarType.A._.(C.Manufacturer.BMW._.(C.ModelGroup.3시리즈._.Model.3시리즈 (F30).))))"",""toggle"":{},""layer"":"""",""sort"":""ModifiedDate"",""page"":1,""limit"":20}"
BMW,3-Series Gran Turismo (F34),35~39,M,Seoul,687,X,SMALL/COMPACT,2950,Germany,http://api.encar.com/search/car/list/premium?count=true&sr=|ModifiedDate|0|5&q=(And.Hidden.N._.(C.CarType.A._.(C.Manufacturer.BMW._.(C.ModelGroup.3시리즈._.Model.3시리즈.)))),"http://www.encar.com/fc/fc_carsearchlist.do?carType=for&searchType=model&TG.R=B#!{""action"":""(And.Hidden.N._.(C.CarType.A._.(C.Manufacturer.BMW._.(C.ModelGroup.3시리즈._.Model.3시리즈.))))"",""toggle"":{},""layer"":"""",""sort"":""ModifiedDate"",""page"":1,""limit"":20}"
BMW,4-Series (F32),30~34,M,Seoul,1124,X,SPORT,2929,Germany,http://api.encar.com/search/car/list/premium?count=true&sr=|ModifiedDate|0|5&q=(And.Hidden.N._.(C.CarType.A._.(C.Manufacturer.BMW._.(C.ModelGroup.그란투리스모 (GT_)._.Model.3시리즈 GT (F34_).)))),"http://www.encar.com/fc/fc_carsearchlist.do?carType=for&searchType=model&TG.R=B#!{""action"":""(And.Hidden.N._.(C.CarType.A._.(C.Manufacturer.BMW._.(C.ModelGroup.그란투리스모 (GT_)._.Model.3시리즈 GT (F34_).))))"",""toggle"":{},""layer"":"""",""sort"":""ModifiedDate"",""page"":1,""limit"":20}"
BMW,5 Series (G30),35~39,M,Seoul,1568,X,MIDDLE,3654,Germany,http://api.encar.com/search/car/list/premium?count=true&sr=|ModifiedDate|0|5&q=(And.Hidden.N._.(C.CarType.A._.(C.Manufacturer.BMW._.(C.ModelGroup.5시리즈._.Model.5시리즈 (G30).)))),"http://www.encar.com/fc/fc_carsearchlist.do?carType=for&searchType=model&TG.R=B#!{""action"":""(And.Hidden.N._.(C.CarType.A._.(C.Manufacturer.BMW._.(C.ModelGroup.5시리즈._.Model.5시리즈 (G30).))))"",""toggle"":{},""layer"":"""",""sort"":""ModifiedDate"",""page"":1,""limit"":20}"
BMW,5-Series (E60),40~44,M,Gyeonggi-do,693,X,,,Germany,http://api.encar.com/search/car/list/premium?count=true&sr=|ModifiedDate|0|5&q=(And.Hidden.N._.(C.CarType.A._.(C.Manufacturer.BMW._.(C.ModelGroup.5시리즈._.Model.5시리즈 (E60).)))),"http://www.encar.com/fc/fc_carsearchlist.do?carType=for&searchType=model&TG.R=B#!{""action"":""(And.Hidden.N._.(C.CarType.A._.(C.Manufacturer.BMW._.(C.ModelGroup.5시리즈._.Model.5시리즈 (E60).))))"",""toggle"":{},""layer"":"""",""sort"":""ModifiedDate"",""page"":1,""limit"":20}"
BMW,5-Series (F10),35~39,M,Gyeonggi-do,3228,O,,,Germany,http://api.encar.com/search/car/list/premium?count=true&sr=|ModifiedDate|0|5&q=(And.Hidden.N._.(C.CarType.A._.(C.Manufacturer.BMW._.(C.ModelGroup.5시리즈._.Model.5시리즈 (F10).)))),"http://www.encar.com/fc/fc_carsearchlist.do?carType=for&searchType=model&TG.R=B#!{""action"":""(And.Hidden.N._.(C.CarType.A._.(C.Manufacturer.BMW._.(C.ModelGroup.5시리즈._.Model.5시리즈 (F10).))))"",""toggle"":{},""layer"":"""",""sort"":""ModifiedDate"",""page"":1,""limit"":20}"
BMW,5-Series GT (F07),35~39,M,Seoul,957,X,MIDDLE,4711,Germany,http://api.encar.com/search/car/list/premium?count=true&sr=|ModifiedDate|0|5&q=(And.Hidden.N._.(C.CarType.A._.(C.Manufacturer.BMW._.(C.ModelGroup.5시리즈._.Model.5시리즈 GT (F07_).)))),"http://www.encar.com/fc/fc_carsearchlist.do?carType=for&searchType=model&TG.R=B#!{""action"":""(And.Hidden.N._.(C.CarType.A._.(C.Manufacturer.BMW._.(C.ModelGroup.5시리즈._.Model.5시리즈 GT (F07_).))))"",""toggle"":{},""layer"":"""",""sort"":""ModifiedDate"",""page"":1,""limit"":20}"
BMW,6-Series (F12),35~39,M,Seoul,693,X,,,Germany,http://api.encar.com/search/car/list/premium?count=true&sr=|ModifiedDate|0|5&q=(And.Hidden.N._.(C.CarType.A._.(C.Manufacturer.BMW._.(C.ModelGroup.6시리즈._.Model.6시리즈 (F12).)))),"http://www.encar.com/fc/fc_carsearchlist.do?carType=for&searchType=model&TG.R=B#!{""action"":""(And.Hidden.N._.(C.CarType.A._.(C.Manufacturer.BMW._.(C.ModelGroup.6시리즈._.Model.6시리즈 (F12).))))"",""toggle"":{},""layer"":"""",""sort"":""ModifiedDate"",""page"":1,""limit"":20}"
BMW,7-Series (F01),40~44,M,Gyeonggi-do,707,O,BIG,9362,Germany,http://api.encar.com/search/car/list/premium?count=true&sr=|ModifiedDate|0|5&q=(And.Hidden.N._.(C.CarType.A._.(C.Manufacturer.BMW._.(C.ModelGroup.7시리즈._.Model.7시리즈 (F01).)))),"http://www.encar.com/fc/fc_carsearchlist.do?carType=for&searchType=model&TG.R=B#!{""action"":""(And.Hidden.N._.(C.CarType.A._.(C.Manufacturer.BMW._.(C.ModelGroup.7시리즈._.Model.7시리즈 (F01).))))"",""toggle"":{},""layer"":"""",""sort"":""ModifiedDate"",""page"":1,""limit"":20}"
BMW,7-Series (G11),40~44,M,Gyeonggi-do,483,X,,,Germany,http://api.encar.com/search/car/list/premium?count=true&sr=|ModifiedDate|0|5&q=(And.Hidden.N._.(C.CarType.A._.(C.Manufacturer.BMW._.(C.ModelGroup.7시리즈._.Model.7시리즈 (G11).)))),"http://www.encar.com/fc/fc_carsearchlist.do?carType=for&searchType=model&TG.R=B#!{""action"":""(And.Hidden.N._.(C.CarType.A._.(C.Manufacturer.BMW._.(C.ModelGroup.7시리즈._.Model.7시리즈 (G11).))))"",""toggle"":{},""layer"":"""",""sort"":""ModifiedDate"",""page"":1,""limit"":20}"
BMW,M3 (E90),35~39,M,Seoul,511,X,SPORT,4462,Germany,http://api.encar.com/search/car/list/premium?count=true&sr=|ModifiedDate|0|5&q=(And.Hidden.N._.(C.CarType.A._.(C.Manufacturer.BMW._.(C.ModelGroup.M3._.Model.M3 (E90).)))),"http://www.encar.com/fc/fc_carsearchlist.do?carType=for&searchType=model&TG.R=B#!{""action"":""(And.Hidden.N._.(C.CarType.A._.(C.Manufacturer.BMW._.(C.ModelGroup.M3._.Model.M3 (E90).))))"",""toggle"":{},""layer"":"""",""sort"":""ModifiedDate"",""page"":1,""limit"":20}"
BMW,M3 (F80),35~39,M,Gyeonggi-do,493,X,SPORT,4493,Germany,http://api.encar.com/search/car/list/premium?count=true&sr=|ModifiedDate|0|5&q=(And.Hidden.N._.(C.CarType.A._.(C.Manufacturer.BMW._.(C.ModelGroup.M3._.Model.M3 (F80).)))),"http://www.encar.com/fc/fc_carsearchlist.do?carType=for&searchType=model&TG.R=B#!{""action"":""(And.Hidden.N._.(C.CarType.A._.(C.Manufacturer.BMW._.(C.ModelGroup.M3._.Model.M3 (F80).))))"",""toggle"":{},""layer"":"""",""sort"":""ModifiedDate"",""page"":1,""limit"":20}"
BMW,X3 (F25),35~39,M,Seoul,840,X,SUV/RV,4610,Germany,http://api.encar.com/search/car/list/premium?count=true&sr=|ModifiedDate|0|5&q=(And.Hidden.N._.(C.CarType.A._.(C.Manufacturer.BMW._.(C.ModelGroup.X3._.Model.X3 (F25).)))),"http://www.encar.com/fc/fc_carsearchlist.do?carType=for&searchType=model&TG.R=B#!{""action"":""(And.Hidden.N._.(C.CarType.A._.(C.Manufacturer.BMW._.(C.ModelGroup.X3._.Model.X3 (F25).))))"",""toggle"":{},""layer"":"""",""sort"":""ModifiedDate"",""page"":1,""limit"":20}"
BMW,X4 (F26),35~39,M,Seoul,396,X,SUV/RV,4405,Germany,http://api.encar.com/search/car/list/premium?count=true&sr=|ModifiedDate|0|5&q=(And.Hidden.N._.(C.CarType.A._.(C.Manufacturer.BMW._.(C.ModelGroup.X4._.Model.X4 (F26).)))),"http://www.encar.com/fc/fc_carsearchlist.do?carType=for&searchType=model&TG.R=B#!{""action"":""(And.Hidden.N._.(C.CarType.A._.(C.Manufacturer.BMW._.(C.ModelGroup.X4._.Model.X4 (F26).))))"",""toggle"":{},""layer"":"""",""sort"":""ModifiedDate"",""page"":1,""limit"":20}"
BMW,X5 (E70),35~39,M,Gyeonggi-do,640,X,,,Germany,http://api.encar.com/search/car/list/premium?count=true&sr=|ModifiedDate|0|5&q=(And.Hidden.N._.(C.CarType.A._.(C.Manufacturer.BMW._.(C.ModelGroup.X5._.Model.X5 (E70).)))),"http://www.encar.com/fc/fc_carsearchlist.do?carType=for&searchType=model&TG.R=B#!{""action"":""(And.Hidden.N._.(C.CarType.A._.(C.Manufacturer.BMW._.(C.ModelGroup.X5._.Model.X5 (E70).))))"",""toggle"":{},""layer"":"""",""sort"":""ModifiedDate"",""page"":1,""limit"":20}"
BMW,X5 (F15),35~39,M,Seoul,1147,O,SUV/RV,6532,Germany,http://api.encar.com/search/car/list/premium?count=true&sr=|ModifiedDate|0|5&q=(And.Hidden.N._.(C.CarType.A._.(C.Manufacturer.BMW._.(C.ModelGroup.X5._.Model.X5 (F15).)))),"http://www.encar.com/fc/fc_carsearchlist.do?carType=for&searchType=model&TG.R=B#!{""action"":""(And.Hidden.N._.(C.CarType.A._.(C.Manufacturer.BMW._.(C.ModelGroup.X5._.Model.X5 (F15).))))"",""toggle"":{},""layer"":"""",""sort"":""ModifiedDate"",""page"":1,""limit"":20}"
BMW,X6 (E71),35~39,M,Gyeonggi-do,493,O,SUV/RV,5904,Germany,http://api.encar.com/search/car/list/premium?count=true&sr=|ModifiedDate|0|5&q=(And.Hidden.N._.(C.CarType.A._.(C.Manufacturer.BMW._.(C.ModelGroup.X6._.Model.X6 (E71).)))),"http://www.encar.com/fc/fc_carsearchlist.do?carType=for&searchType=model&TG.R=B#!{""action"":""(And.Hidden.N._.(C.CarType.A._.(C.Manufacturer.BMW._.(C.ModelGroup.X6._.Model.X6 (E71).))))"",""toggle"":{},""layer"":"""",""sort"":""ModifiedDate"",""page"":1,""limit"":20}"
BMW,X6 (F16),35~39,M,Seoul,639,X,SUV/RV,6751,Germany,http://api.encar.com/search/car/list/premium?count=true&sr=|ModifiedDate|0|5&q=(And.Hidden.N._.(C.CarType.A._.(C.Manufacturer.BMW._.(C.ModelGroup.X6._.Model.X6 (F16).)))),"http://www.encar.com/fc/fc_carsearchlist.do?carType=for&searchType=model&TG.R=B#!{""action"":""(And.Hidden.N._.(C.CarType.A._.(C.Manufacturer.BMW._.(C.ModelGroup.X6._.Model.X6 (F16).))))"",""toggle"":{},""layer"":"""",""sort"":""ModifiedDate"",""page"":1,""limit"":20}"
BMW,Z4 (E89),35~39,M,Gyeonggi-do,544,X,SPORT,4103,Germany,http://api.encar.com/search/car/list/premium?count=true&sr=|ModifiedDate|0|5&q=(And.Hidden.N._.(C.CarType.A._.(C.Manufacturer.BMW._.(C.ModelGroup.Z4._.Model.Z4 (E89).)))),"http://www.encar.com/fc/fc_carsearchlist.do?carType=for&searchType=model&TG.R=B#!{""action"":""(And.Hidden.N._.(C.CarType.A._.(C.Manufacturer.BMW._.(C.ModelGroup.Z4._.Model.Z4 (E89).))))"",""toggle"":{},""layer"":"""",""sort"":""ModifiedDate"",""page"":1,""limit"":20}"
Cadillac,CTS 3rd,35~39,M,Gyeonggi-do,565,X,MIDDLE,3090,Luxury,http://api.encar.com/search/car/list/premium?count=true&sr=|ModifiedDate|0|5&q=(And.Hidden.N._.(C.CarType.A._.(C.Manufacturer.캐딜락._.(C.ModelGroup.CTS._.Model.CTS 3세대.)))),"http://www.encar.com/fc/fc_carsearchlist.do?carType=for&searchType=model&TG.R=B#!{""action"":""(And.Hidden.N._.(C.CarType.A._.(C.Manufacturer.캐딜락._.(C.ModelGroup.CTS._.Model.CTS 3세대.))))"",""toggle"":{},""layer"":"""",""sort"":""ModifiedDate"",""page"":1,""limit"":20}"
Chevrolet(GMDeawoo),All New Cruze,25~29,M,Gyeonggi-do,456,X,,,Luxury,http://api.encar.com/search/car/list/premium?count=true&sr=|ModifiedDate|0|5&q=(And.Hidden.N._.(C.CarType.A._.(C.Manufacturer.쉐보레(GM대우_)._.(C.ModelGroup.크루즈._.Model.올 뉴 크루즈.)))),"http://www.encar.com/fc/fc_carsearchlist.do?carType=for&searchType=model&TG.R=B#!{""action"":""(And.Hidden.N._.(C.CarType.A._.(C.Manufacturer.쉐보레(GM대우_)._.(C.ModelGroup.크루즈._.Model.올 뉴 크루즈.))))"",""toggle"":{},""layer"":"""",""sort"":""ModifiedDate"",""page"":1,""limit"":20}"
Chevrolet(GMDeawoo),All New Mailbu,30~34,M,Gyeonggi-do,1156,O,,,Luxury,http://api.encar.com/search/car/list/premium?count=true&sr=|ModifiedDate|0|5&q=(And.Hidden.N._.(C.CarType.A._.(C.Manufacturer.쉐보레(GM대우_)._.(C.ModelGroup.말리부._.Model.올 뉴 말리부.)))),"http://www.encar.com/fc/fc_carsearchlist.do?carType=for&searchType=model&TG.R=B#!{""action"":""(And.Hidden.N._.(C.CarType.A._.(C.Manufacturer.쉐보레(GM대우_)._.(C.ModelGroup.말리부._.Model.올 뉴 말리부.))))"",""toggle"":{},""layer"":"""",""sort"":""ModifiedDate"",""page"":1,""limit"":20}"
Chevrolet(GMDeawoo),Alpheon,35~39,M,Gyeonggi-do,428,O,BIG,1833,Luxury,http://api.encar.com/search/car/list/premium?count=true&sr=|ModifiedDate|0|5&q=(And.Hidden.N._.(C.CarType.A._.(C.Manufacturer.쉐보레(GM대우_)._.(C.ModelGroup.알페온._.Model.알페온.)))),"http://www.encar.com/fc/fc_carsearchlist.do?carType=for&searchType=model&TG.R=B#!{""action"":""(And.Hidden.N._.(C.CarType.A._.(C.Manufacturer.쉐보레(GM대우_)._.(C.ModelGroup.알페온._.Model.알페온.))))"",""toggle"":{},""layer"":"""",""sort"":""ModifiedDate"",""page"":1,""limit"":20}"
Chevrolet(GMDeawoo),Amazing New Cruze,25~29,M,Gyeonggi-do,426,X,,,Luxury,http://api.encar.com/search/car/list/premium?count=true&sr=|ModifiedDate|0|5&q=(And.Hidden.N._.(C.CarType.A._.(C.Manufacturer.쉐보레(GM대우_)._.(C.ModelGroup.크루즈._.Model.어메이징 뉴 크루즈.)))),"http://www.encar.com/fc/fc_carsearchlist.do?carType=for&searchType=model&TG.R=B#!{""action"":""(And.Hidden.N._.(C.CarType.A._.(C.Manufacturer.쉐보레(GM대우_)._.(C.ModelGroup.크루즈._.Model.어메이징 뉴 크루즈.))))"",""toggle"":{},""layer"":"""",""sort"":""ModifiedDate"",""page"":1,""limit"":20}"
Chevrolet(GMDeawoo),Captiva,35~39,M,Gyeonggi-do,516,X,SUV/RV,1611,Luxury,http://api.encar.com/search/car/list/premium?count=true&sr=|ModifiedDate|0|5&q=(And.Hidden.N._.(C.CarType.A._.(C.Manufacturer.쉐보레(GM대우_)._.(C.ModelGroup.캡티바._.Model.캡티바.)))),"http://www.encar.com/fc/fc_carsearchlist.do?carType=for&searchType=model&TG.R=B#!{""action"":""(And.Hidden.N._.(C.CarType.A._.(C.Manufacturer.쉐보레(GM대우_)._.(C.ModelGroup.캡티바._.Model.캡티바.))))"",""toggle"":{},""layer"":"""",""sort"":""ModifiedDate"",""page"":1,""limit"":20}"
Chevrolet(GMDeawoo),Chevrolet Cruze,25~29,M,Gyeonggi-do,669,X,SMALL/COMPACT,1015,Luxury,http://api.encar.com/search/car/list/premium?count=true&sr=|ModifiedDate|0|5&q=(And.Hidden.N._.(C.CarType.A._.(C.Manufacturer.쉐보레(GM대우_)._.(C.ModelGroup.크루즈._.Model.크루즈.)))),"http://www.encar.com/fc/fc_carsearchlist.do?carType=for&searchType=model&TG.R=B#!{""action"":""(And.Hidden.N._.(C.CarType.A._.(C.Manufacturer.쉐보레(GM대우_)._.(C.ModelGroup.크루즈._.Model.크루즈.))))"",""toggle"":{},""layer"":"""",""sort"":""ModifiedDate"",""page"":1,""limit"":20}"
Chevrolet(GMDeawoo),Chevrolet Orlando,35~39,M,Gyeonggi-do,737,X,SUV/RV,1290,Luxury,http://api.encar.com/search/car/list/premium?count=true&sr=|ModifiedDate|0|5&q=(And.Hidden.N._.(C.CarType.A._.(C.Manufacturer.쉐보레(GM대우_)._.(C.ModelGroup.올란도._.Model.올란도.)))),"http://www.encar.com/fc/fc_carsearchlist.do?carType=for&searchType=model&TG.R=B#!{""action"":""(And.Hidden.N._.(C.CarType.A._.(C.Manufacturer.쉐보레(GM대우_)._.(C.ModelGroup.올란도._.Model.올란도.))))"",""toggle"":{},""layer"":"""",""sort"":""ModifiedDate"",""page"":1,""limit"":20}"
Chevrolet(GMDeawoo),Chevrolet Spark,35~39,M,Gyeonggi-do,980,X,SMALL/COMPACT,604,Luxury,http://api.encar.com/search/car/list/premium?count=true&sr=|ModifiedDate|0|5&q=(And.Hidden.N._.(C.CarType.A._.(C.Manufacturer.쉐보레(GM대우_)._.(C.ModelGroup.스파크._.Model.스파크.)))),"http://www.encar.com/fc/fc_carsearchlist.do?carType=for&searchType=model&TG.R=B#!{""action"":""(And.Hidden.N._.(C.CarType.A._.(C.Manufacturer.쉐보레(GM대우_)._.(C.ModelGroup.스파크._.Model.스파크.))))"",""toggle"":{},""layer"":"""",""sort"":""ModifiedDate"",""page"":1,""limit"":20}"
Chevrolet(GMDeawoo),Lacetti Premiere,25~29,M,Gyeonggi-do,531,X,,,Luxury,http://api.encar.com/search/car/list/premium?count=true&sr=|ModifiedDate|0|5&q=(And.Hidden.N._.(C.CarType.A._.(C.Manufacturer.쉐보레(GM대우_)._.(C.ModelGroup.라세티._.Model.라세티 프리미어.)))),"http://www.encar.com/fc/fc_carsearchlist.do?carType=for&searchType=model&TG.R=B#!{""action"":""(And.Hidden.N._.(C.CarType.A._.(C.Manufacturer.쉐보레(GM대우_)._.(C.ModelGroup.라세티._.Model.라세티 프리미어.))))"",""toggle"":{},""layer"":"""",""sort"":""ModifiedDate"",""page"":1,""limit"":20}"
Chevrolet(GMDeawoo),Malibu,35~39,M,Gyeonggi-do,1011,X,MIDDLE,1373,Luxury,http://api.encar.com/search/car/list/premium?count=true&sr=|ModifiedDate|0|5&q=(And.Hidden.N._.(C.CarType.A._.(C.Manufacturer.쉐보레(GM대우_)._.(C.ModelGroup.말리부._.Model.말리부.)))),"http://www.encar.com/fc/fc_carsearchlist.do?carType=for&searchType=model&TG.R=B#!{""action"":""(And.Hidden.N._.(C.CarType.A._.(C.Manufacturer.쉐보레(GM대우_)._.(C.ModelGroup.말리부._.Model.말리부.))))"",""toggle"":{},""layer"":"""",""sort"":""ModifiedDate"",""page"":1,""limit"":20}"
Chevrolet(GMDeawoo),The Next Spark,35~39,M,Gyeonggi-do,564,X,,,Luxury,http://api.encar.com/search/car/list/premium?count=true&sr=|ModifiedDate|0|5&q=(And.Hidden.N._.(C.CarType.A._.(C.Manufacturer.쉐보레(GM대우_)._.(C.ModelGroup.스파크._.Model.더 넥스트 스파크.)))),"http://www.encar.com/fc/fc_carsearchlist.do?carType=for&searchType=model&TG.R=B#!{""action"":""(And.Hidden.N._.(C.CarType.A._.(C.Manufacturer.쉐보레(GM대우_)._.(C.ModelGroup.스파크._.Model.더 넥스트 스파크.))))"",""toggle"":{},""layer"":"""",""sort"":""ModifiedDate"",""page"":1,""limit"":20}"
Chevrolet(GMDeawoo),Trax,35~39,M,Gyeonggi-do,385,X,SUV/RV,1092,Luxury,http://api.encar.com/search/car/list/premium?count=true&sr=|ModifiedDate|0|5&q=(And.Hidden.N._.(C.CarType.A._.(C.Manufacturer.쉐보레(GM대우_)._.(C.ModelGroup.트랙스._.Model.트랙스.)))),"http://www.encar.com/fc/fc_carsearchlist.do?carType=for&searchType=model&TG.R=B#!{""action"":""(And.Hidden.N._.(C.CarType.A._.(C.Manufacturer.쉐보레(GM대우_)._.(C.ModelGroup.트랙스._.Model.트랙스.))))"",""toggle"":{},""layer"":"""",""sort"":""ModifiedDate"",""page"":1,""limit"":20}"
Chevrolet(GMDeawoo),Winstorm,35~39,M,Gyeonggi-do,378,X,,,Luxury,http://api.encar.com/search/car/list/premium?count=true&sr=|ModifiedDate|0|5&q=(And.Hidden.N._.(C.CarType.A._.(C.Manufacturer.쉐보레(GM대우_)._.(C.ModelGroup.윈스톰._.Model.윈스톰 맥스.)))),"http://www.encar.com/fc/fc_carsearchlist.do?carType=for&searchType=model&TG.R=B#!{""action"":""(And.Hidden.N._.(C.CarType.A._.(C.Manufacturer.쉐보레(GM대우_)._.(C.ModelGroup.윈스톰._.Model.윈스톰 맥스.))))"",""toggle"":{},""layer"":"""",""sort"":""ModifiedDate"",""page"":1,""limit"":20}"
Ford,Explorer,35~39,M,Gyeonggi-do,896,X,SUV/RV,2630,Luxury,http://api.encar.com/search/car/list/premium?count=true&sr=|ModifiedDate|0|5&q=(And.Hidden.N._.(C.CarType.A._.(C.Manufacturer.포드._.(C.ModelGroup.익스플로러._.Model.익스플로러.)))),"http://www.encar.com/fc/fc_carsearchlist.do?carType=for&searchType=model&TG.R=B#!{""action"":""(And.Hidden.N._.(C.CarType.A._.(C.Manufacturer.포드._.(C.ModelGroup.익스플로러._.Model.익스플로러.))))"",""toggle"":{},""layer"":"""",""sort"":""ModifiedDate"",""page"":1,""limit"":20}"
Ford,Mustang,30~34,M,Gyeonggi-do,477,X,SPORT,2676,Luxury,http://api.encar.com/search/car/list/premium?count=true&sr=|ModifiedDate|0|5&q=(And.Hidden.N._.(C.CarType.A._.(C.Manufacturer.포드._.(C.ModelGroup.머스탱._.Model.머스탱.)))),"http://www.encar.com/fc/fc_carsearchlist.do?carType=for&searchType=model&TG.R=B#!{""action"":""(And.Hidden.N._.(C.CarType.A._.(C.Manufacturer.포드._.(C.ModelGroup.머스탱._.Model.머스탱.))))"",""toggle"":{},""layer"":"""",""sort"":""ModifiedDate"",""page"":1,""limit"":20}"
Genesis,EQ900,35~39,M,Gyeonggi-do,410,X,,,Korea,http://api.encar.com/search/car/list/premium?count=true&sr=|ModifiedDate|0|5&q=(And.Hidden.N._.(C.CarType.A._.(C.Manufacturer.제네시스._.(C.ModelGroup.EQ900._.Model.EQ900.)))),"http://www.encar.com/fc/fc_carsearchlist.do?carType=for&searchType=model&TG.R=B#!{""action"":""(And.Hidden.N._.(C.CarType.A._.(C.Manufacturer.제네시스._.(C.ModelGroup.EQ900._.Model.EQ900.))))"",""toggle"":{},""layer"":"""",""sort"":""ModifiedDate"",""page"":1,""limit"":20}"
Genesis,G80,35~39,M,Gyeonggi-do,1319,X,,,Korea,http://api.encar.com/search/car/list/premium?count=true&sr=|ModifiedDate|0|5&q=(And.Hidden.N._.(C.CarType.A._.(C.Manufacturer.제네시스._.(C.ModelGroup.G80._.Model.G80.)))),"http://www.encar.com/fc/fc_carsearchlist.do?carType=for&searchType=model&TG.R=B#!{""action"":""(And.Hidden.N._.(C.CarType.A._.(C.Manufacturer.제네시스._.(C.ModelGroup.G80._.Model.G80.))))"",""toggle"":{},""layer"":"""",""sort"":""ModifiedDate"",""page"":1,""limit"":20}"
Honda,All New Accord,35~39,M,Gyeonggi-do,744,O,MIDDLE,1778,Japan,http://api.encar.com/search/car/list/premium?count=true&sr=|ModifiedDate|0|5&q=(And.Hidden.N._.(C.CarType.A._.(C.Manufacturer.혼다._.(C.ModelGroup.어코드._.Model.올뉴어코드.)))),"http://www.encar.com/fc/fc_carsearchlist.do?carType=for&searchType=model&TG.R=B#!{""action"":""(And.Hidden.N._.(C.CarType.A._.(C.Manufacturer.혼다._.(C.ModelGroup.어코드._.Model.올뉴어코드.))))"",""toggle"":{},""layer"":"""",""sort"":""ModifiedDate"",""page"":1,""limit"":20}"
Hyundai,Accent(New),25~29,M,Gyeonggi-do,483,X,SMALL/COMPACT,885,Korea,http://api.encar.com/search/car/list/premium?count=true&sr=|ModifiedDate|0|5&q=(And.Hidden.N._.(C.CarType.Y._.(C.Manufacturer.현대._.(C.ModelGroup.엑센트._.Model.뉴 엑센트.)))),"http://www.encar.com/fc/fc_carsearchlist.do?carType=for&searchType=model&TG.R=B#!{""action"":""(And.Hidden.N._.(C.CarType.Y._.(C.Manufacturer.현대._.(C.ModelGroup.엑센트._.Model.뉴 엑센트.))))"",""toggle"":{},""layer"":"""",""sort"":""ModifiedDate"",""page"":1,""limit"":20}"
Hyundai,All New Tucson,30~34,M,Gyeonggi-do,882,X,,,Korea,http://api.encar.com/search/car/list/premium?count=true&sr=|ModifiedDate|0|5&q=(And.Hidden.N._.(C.CarType.Y._.(C.Manufacturer.현대._.(C.ModelGroup.투싼._.Model.올 뉴 투싼.)))),"http://www.encar.com/fc/fc_carsearchlist.do?carType=for&searchType=model&TG.R=B#!{""action"":""(And.Hidden.N._.(C.CarType.Y._.(C.Manufacturer.현대._.(C.ModelGroup.투싼._.Model.올 뉴 투싼.))))"",""toggle"":{},""layer"":"""",""sort"":""ModifiedDate"",""page"":1,""limit"":20}"
Hyundai,Aslan,35~39,M,Gyeonggi-do,373,X,BIG,2141,Korea,http://api.encar.com/search/car/list/premium?count=true&sr=|ModifiedDate|0|5&q=(And.Hidden.N._.(C.CarType.Y._.(C.Manufacturer.현대._.(C.ModelGroup.아슬란._.Model.아슬란.)))),"http://www.encar.com/fc/fc_carsearchlist.do?carType=for&searchType=model&TG.R=B#!{""action"":""(And.Hidden.N._.(C.CarType.Y._.(C.Manufacturer.현대._.(C.ModelGroup.아슬란._.Model.아슬란.))))"",""toggle"":{},""layer"":"""",""sort"":""ModifiedDate"",""page"":1,""limit"":20}"
Hyundai,AVANTE AD,25~29,M,Gyeonggi-do,1800,X,,,Korea,http://api.encar.com/search/car/list/premium?count=true&sr=|ModifiedDate|0|5&q=(And.Hidden.N._.(C.CarType.Y._.(C.Manufacturer.현대._.(C.ModelGroup.아반떼._.Model.아반떼 AD.)))),"http://www.encar.com/fc/fc_carsearchlist.do?carType=for&searchType=model&TG.R=B#!{""action"":""(And.Hidden.N._.(C.CarType.Y._.(C.Manufacturer.현대._.(C.ModelGroup.아반떼._.Model.아반떼 AD.))))"",""toggle"":{},""layer"":"""",""sort"":""ModifiedDate"",""page"":1,""limit"":20}"
Hyundai,Avante HD,35~39,M,Gyeonggi-do,540,X,,,Korea,http://api.encar.com/search/car/list/premium?count=true&sr=|ModifiedDate|0|5&q=(And.Hidden.N._.(C.CarType.Y._.(C.Manufacturer.현대._.(C.ModelGroup.아반떼._.Model.아반떼 HD.)))),"http://www.encar.com/fc/fc_carsearchlist.do?carType=for&searchType=model&TG.R=B#!{""action"":""(And.Hidden.N._.(C.CarType.Y._.(C.Manufacturer.현대._.(C.ModelGroup.아반떼._.Model.아반떼 HD.))))"",""toggle"":{},""layer"":"""",""sort"":""ModifiedDate"",""page"":1,""limit"":20}"
Hyundai,Avante MD,25~29,M,Gyeonggi-do,986,X,,,Korea,http://api.encar.com/search/car/list/premium?count=true&sr=|ModifiedDate|0|5&q=(And.Hidden.N._.(C.CarType.Y._.(C.Manufacturer.현대._.(C.ModelGroup.아반떼._.Model.아반떼 MD.)))),"http://www.encar.com/fc/fc_carsearchlist.do?carType=for&searchType=model&TG.R=B#!{""action"":""(And.Hidden.N._.(C.CarType.Y._.(C.Manufacturer.현대._.(C.ModelGroup.아반떼._.Model.아반떼 MD.))))"",""toggle"":{},""layer"":"""",""sort"":""ModifiedDate"",""page"":1,""limit"":20}"
Hyundai,Equus,40~44,M,Gyeonggi-do,472,X,,,Korea,http://api.encar.com/search/car/list/premium?count=true&sr=|ModifiedDate|0|5&q=(And.Hidden.N._.(C.CarType.Y._.(C.Manufacturer.현대._.(C.ModelGroup.에쿠스._.Model.에쿠스.)))),"http://www.encar.com/fc/fc_carsearchlist.do?carType=for&searchType=model&TG.R=B#!{""action"":""(And.Hidden.N._.(C.CarType.Y._.(C.Manufacturer.현대._.(C.ModelGroup.에쿠스._.Model.에쿠스.))))"",""toggle"":{},""layer"":"""",""sort"":""ModifiedDate"",""page"":1,""limit"":20}"
Hyundai,Equus(New),40~44,M,Gyeonggi-do,853,X,BIG,4354,Korea,http://api.encar.com/search/car/list/premium?count=true&sr=|ModifiedDate|0|5&q=(And.Hidden.N._.(C.CarType.Y._.(C.Manufacturer.현대._.(C.ModelGroup.에쿠스._.Model.에쿠스(신형_).)))),"http://www.encar.com/fc/fc_carsearchlist.do?carType=for&searchType=model&TG.R=B#!{""action"":""(And.Hidden.N._.(C.CarType.Y._.(C.Manufacturer.현대._.(C.ModelGroup.에쿠스._.Model.에쿠스(신형_).))))"",""toggle"":{},""layer"":"""",""sort"":""ModifiedDate"",""page"":1,""limit"":20}"
Hyundai,GENESIS,40~44,M,Gyeonggi-do,1313,X,,,Korea,http://api.encar.com/search/car/list/premium?count=true&sr=|ModifiedDate|0|5&q=(And.Hidden.N._.(C.CarType.Y._.(C.Manufacturer.현대._.(C.ModelGroup.제네시스._.Model.제네시스.)))),"http://www.encar.com/fc/fc_carsearchlist.do?carType=for&searchType=model&TG.R=B#!{""action"":""(And.Hidden.N._.(C.CarType.Y._.(C.Manufacturer.현대._.(C.ModelGroup.제네시스._.Model.제네시스.))))"",""toggle"":{},""layer"":"""",""sort"":""ModifiedDate"",""page"":1,""limit"":20}"
Hyundai,GENESIS Coupe,35~39,M,Gyeonggi-do,550,X,,,Korea,http://api.encar.com/search/car/list/premium?count=true&sr=|ModifiedDate|0|5&q=(And.Hidden.N._.(C.CarType.Y._.(C.Manufacturer.현대._.(C.ModelGroup.제네시스._.Model.제네시스 쿠페.)))),"http://www.encar.com/fc/fc_carsearchlist.do?carType=for&searchType=model&TG.R=B#!{""action"":""(And.Hidden.N._.(C.CarType.Y._.(C.Manufacturer.현대._.(C.ModelGroup.제네시스._.Model.제네시스 쿠페.))))"",""toggle"":{},""layer"":"""",""sort"":""ModifiedDate"",""page"":1,""limit"":20}"
Hyundai,Genesis DH,35~39,M,Gyeonggi-do,1785,X,BIG,3375,Korea,http://api.encar.com/search/car/list/premium?count=true&sr=|ModifiedDate|0|5&q=(And.Hidden.N._.(C.CarType.Y._.(C.Manufacturer.현대._.(C.ModelGroup.제네시스._.Model.제네시스 DH.)))),"http://www.encar.com/fc/fc_carsearchlist.do?carType=for&searchType=model&TG.R=B#!{""action"":""(And.Hidden.N._.(C.CarType.Y._.(C.Manufacturer.현대._.(C.ModelGroup.제네시스._.Model.제네시스 DH.))))"",""toggle"":{},""layer"":"""",""sort"":""ModifiedDate"",""page"":1,""limit"":20}"
Hyundai,Grand Starex,40~44,M,Gyeonggi-do,1003,X,,,Korea,http://api.encar.com/search/car/list/premium?count=true&sr=|ModifiedDate|0|5&q=(And.Hidden.N._.(C.CarType.Y._.(C.Manufacturer.현대._.(C.ModelGroup.스타렉스._.Model.그랜드 스타렉스.)))),"http://www.encar.com/fc/fc_carsearchlist.do?carType=for&searchType=model&TG.R=B#!{""action"":""(And.Hidden.N._.(C.CarType.Y._.(C.Manufacturer.현대._.(C.ModelGroup.스타렉스._.Model.그랜드 스타렉스.))))"",""toggle"":{},""layer"":"""",""sort"":""ModifiedDate"",""page"":1,""limit"":20}"
Hyundai,Grandeur HG,35~39,M,Gyeonggi-do,2807,X,BIG,1984,Korea,http://api.encar.com/search/car/list/premium?count=true&sr=|ModifiedDate|0|5&q=(And.Hidden.N._.(C.CarType.A._.(C.Manufacturer.현대._.(C.ModelGroup.그랜저._.Model.그랜저 HG.)))),"http://www.encar.com/fc/fc_carsearchlist.do?carType=for&searchType=model&TG.R=B#!{""action"":""(And.Hidden.N._.(C.CarType.A._.(C.Manufacturer.현대._.(C.ModelGroup.그랜저._.Model.그랜저 HG.))))"",""toggle"":{},""layer"":"""",""sort"":""ModifiedDate"",""page"":1,""limit"":20}"
Hyundai,Grandeur HG Hybrid,35~39,M,Gyeonggi-do,550,O,BIG,1996,Korea,http://api.encar.com/search/car/list/premium?count=true&sr=|ModifiedDate|0|5&q=(And.Hidden.N._.(C.CarType.A._.(C.Manufacturer.현대._.(C.ModelGroup.그랜저._.Model.그랜저 HG 하이브리드.)))),"http://www.encar.com/fc/fc_carsearchlist.do?carType=for&searchType=model&TG.R=B#!{""action"":""(And.Hidden.N._.(C.CarType.A._.(C.Manufacturer.현대._.(C.ModelGroup.그랜저._.Model.그랜저 HG 하이브리드.))))"",""toggle"":{},""layer"":"""",""sort"":""ModifiedDate"",""page"":1,""limit"":20}"
Hyundai,Grandeur IG,35~39,M,Gyeonggi-do,1715,X,,,Korea,http://api.encar.com/search/car/list/premium?count=true&sr=|ModifiedDate|0|5&q=(And.Hidden.N._.(C.CarType.A._.(C.Manufacturer.현대._.(C.ModelGroup.그랜저._.Model.그랜저 IG.)))),"http://www.encar.com/fc/fc_carsearchlist.do?carType=for&searchType=model&TG.R=B#!{""action"":""(And.Hidden.N._.(C.CarType.A._.(C.Manufacturer.현대._.(C.ModelGroup.그랜저._.Model.그랜저 IG.))))"",""toggle"":{},""layer"":"""",""sort"":""ModifiedDate"",""page"":1,""limit"":20}"
Hyundai,Grandeur IG Hybird,35~39,M,Gyeonggi-do,391,O,,,Korea,http://api.encar.com/search/car/list/premium?count=true&sr=|ModifiedDate|0|5&q=(And.Hidden.N._.(C.CarType.A._.(C.Manufacturer.현대._.(C.ModelGroup.그랜저._.Model.그랜저 IG 하이브리드.)))),"http://www.encar.com/fc/fc_carsearchlist.do?carType=for&searchType=model&TG.R=B#!{""action"":""(And.Hidden.N._.(C.CarType.A._.(C.Manufacturer.현대._.(C.ModelGroup.그랜저._.Model.그랜저 IG 하이브리드.))))"",""toggle"":{},""layer"":"""",""sort"":""ModifiedDate"",""page"":1,""limit"":20}"
Hyundai,Grandeur New Luxury,40~44,M,Gyeonggi-do,504,X,,,Korea,http://api.encar.com/search/car/list/premium?count=true&sr=|ModifiedDate|0|5&q=(And.Hidden.N._.(C.CarType.A._.(C.Manufacturer.현대._.(C.ModelGroup.그랜저._.Model.그랜저 뉴 럭셔리.)))),"http://www.encar.com/fc/fc_carsearchlist.do?carType=for&searchType=model&TG.R=B#!{""action"":""(And.Hidden.N._.(C.CarType.A._.(C.Manufacturer.현대._.(C.ModelGroup.그랜저._.Model.그랜저 뉴 럭셔리.))))"",""toggle"":{},""layer"":"""",""sort"":""ModifiedDate"",""page"":1,""limit"":20}"
Hyundai,Grandeur TG,40~44,M,Gyeonggi-do,780,X,,,Korea,http://api.encar.com/search/car/list/premium?count=true&sr=|ModifiedDate|0|5&q=(And.Hidden.N._.(C.CarType.A._.(C.Manufacturer.현대._.(C.ModelGroup.그랜저._.Model.그랜저 TG.)))),"http://www.encar.com/fc/fc_carsearchlist.do?carType=for&searchType=model&TG.R=B#!{""action"":""(And.Hidden.N._.(C.CarType.A._.(C.Manufacturer.현대._.(C.ModelGroup.그랜저._.Model.그랜저 TG.))))"",""toggle"":{},""layer"":"""",""sort"":""ModifiedDate"",""page"":1,""limit"":20}"
Hyundai,i30,35~39,M,Gyeonggi-do,458,X,,,Korea,http://api.encar.com/search/car/list/premium?count=true&sr=|ModifiedDate|0|5&q=(And.Hidden.N._.(C.CarType.Y._.(C.Manufacturer.현대._.(C.ModelGroup.i30._.Model.i30.)))),"http://www.encar.com/fc/fc_carsearchlist.do?carType=for&searchType=model&TG.R=B#!{""action"":""(And.Hidden.N._.(C.CarType.Y._.(C.Manufacturer.현대._.(C.ModelGroup.i30._.Model.i30.))))"",""toggle"":{},""layer"":"""",""sort"":""ModifiedDate"",""page"":1,""limit"":20}"
Hyundai,i30 (PD),35~39,M,Gyeonggi-do,607,X,,,Korea,http://api.encar.com/search/car/list/premium?count=true&sr=|ModifiedDate|0|5&q=(And.Hidden.N._.(C.CarType.Y._.(C.Manufacturer.현대._.(C.ModelGroup.i30._.Model.i30 (PD_).)))),"http://www.encar.com/fc/fc_carsearchlist.do?carType=for&searchType=model&TG.R=B#!{""action"":""(And.Hidden.N._.(C.CarType.Y._.(C.Manufacturer.현대._.(C.ModelGroup.i30._.Model.i30 (PD_).))))"",""toggle"":{},""layer"":"""",""sort"":""ModifiedDate"",""page"":1,""limit"":20}"
Hyundai,i30(New),35~39,M,Gyeonggi-do,569,X,SMALL/COMPACT,1134,Korea,http://api.encar.com/search/car/list/premium?count=true&sr=|ModifiedDate|0|5&q=(And.Hidden.N._.(C.CarType.Y._.(C.Manufacturer.현대._.(C.ModelGroup.i30._.Model.i30(신형_).)))),"http://www.encar.com/fc/fc_carsearchlist.do?carType=for&searchType=model&TG.R=B#!{""action"":""(And.Hidden.N._.(C.CarType.Y._.(C.Manufacturer.현대._.(C.ModelGroup.i30._.Model.i30(신형_).))))"",""toggle"":{},""layer"":"""",""sort"":""ModifiedDate"",""page"":1,""limit"":20}"
Hyundai,i40,35~39,M,Gyeonggi-do,536,X,MIDDLE,1624,Korea,http://api.encar.com/search/car/list/premium?count=true&sr=|ModifiedDate|0|5&q=(And.Hidden.N._.(C.CarType.Y._.(C.Manufacturer.현대._.(C.ModelGroup.i40._.Model.i40.)))),"http://www.encar.com/fc/fc_carsearchlist.do?carType=for&searchType=model&TG.R=B#!{""action"":""(And.Hidden.N._.(C.CarType.Y._.(C.Manufacturer.현대._.(C.ModelGroup.i40._.Model.i40.))))"",""toggle"":{},""layer"":"""",""sort"":""ModifiedDate"",""page"":1,""limit"":20}"
Hyundai,LF Sonata,35~39,M,Gyeonggi-do,1458,X,MIDDLE,1568,Korea,http://api.encar.com/search/car/list/premium?count=true&sr=|ModifiedDate|0|5&q=(And.Hidden.N._.(C.CarType.Y._.(C.Manufacturer.현대._.(C.ModelGroup.쏘나타._.Model.LF 쏘나타.)))),"http://www.encar.com/fc/fc_carsearchlist.do?carType=for&searchType=model&TG.R=B#!{""action"":""(And.Hidden.N._.(C.CarType.Y._.(C.Manufacturer.현대._.(C.ModelGroup.쏘나타._.Model.LF 쏘나타.))))"",""toggle"":{},""layer"":"""",""sort"":""ModifiedDate"",""page"":1,""limit"":20}"
Hyundai,LF Sonata Hybrid,30~34,M,Gyeonggi-do,612,O,MIDDLE,1858,Korea,http://api.encar.com/search/car/list/premium?count=true&sr=|ModifiedDate|0|5&q=(And.Hidden.N._.(C.CarType.Y._.(C.Manufacturer.현대._.(C.ModelGroup.쏘나타._.Model.LF 쏘나타 하이브리드.)))),"http://www.encar.com/fc/fc_carsearchlist.do?carType=for&searchType=model&TG.R=B#!{""action"":""(And.Hidden.N._.(C.CarType.Y._.(C.Manufacturer.현대._.(C.ModelGroup.쏘나타._.Model.LF 쏘나타 하이브리드.))))"",""toggle"":{},""layer"":"""",""sort"":""ModifiedDate"",""page"":1,""limit"":20}"
Hyundai,Maxcruz,35~39,M,Gyeonggi-do,434,X,SUV/RV,2338,Korea,http://api.encar.com/search/car/list/premium?count=true&sr=|ModifiedDate|0|5&q=(And.Hidden.N._.(C.CarType.Y._.(C.Manufacturer.현대._.(C.ModelGroup.맥스크루즈._.Model.맥스크루즈.)))),"http://www.encar.com/fc/fc_carsearchlist.do?carType=for&searchType=model&TG.R=B#!{""action"":""(And.Hidden.N._.(C.CarType.Y._.(C.Manufacturer.현대._.(C.ModelGroup.맥스크루즈._.Model.맥스크루즈.))))"",""toggle"":{},""layer"":"""",""sort"":""ModifiedDate"",""page"":1,""limit"":20}"
Hyundai,New Grandeur XG,40~44,M,Gyeonggi-do,385,X,,,Korea,http://api.encar.com/search/car/list/premium?count=true&sr=|ModifiedDate|0|5&q=(And.Hidden.N._.(C.CarType.A._.(C.Manufacturer.현대._.(C.ModelGroup.그랜저._.Model.뉴 그랜저 XG.)))),"http://www.encar.com/fc/fc_carsearchlist.do?carType=for&searchType=model&TG.R=B#!{""action"":""(And.Hidden.N._.(C.CarType.A._.(C.Manufacturer.현대._.(C.ModelGroup.그랜저._.Model.뉴 그랜저 XG.))))"",""toggle"":{},""layer"":"""",""sort"":""ModifiedDate"",""page"":1,""limit"":20}"
Hyundai,New Tucson ix,35~39,M,Gyeonggi-do,440,X,SUV/RV,1600,Korea,http://api.encar.com/search/car/list/premium?count=true&sr=|ModifiedDate|0|5&q=(And.Hidden.N._.(C.CarType.Y._.(C.Manufacturer.현대._.(C.ModelGroup.투싼._.Model.뉴 투싼 ix.)))),"http://www.encar.com/fc/fc_carsearchlist.do?carType=for&searchType=model&TG.R=B#!{""action"":""(And.Hidden.N._.(C.CarType.Y._.(C.Manufacturer.현대._.(C.ModelGroup.투싼._.Model.뉴 투싼 ix.))))"",""toggle"":{},""layer"":"""",""sort"":""ModifiedDate"",""page"":1,""limit"":20}"
Hyundai,NF Sonata,40~44,M,Gyeonggi-do,427,X,,,Korea,http://api.encar.com/search/car/list/premium?count=true&sr=|ModifiedDate|0|5&q=(And.Hidden.N._.(C.CarType.Y._.(C.Manufacturer.현대._.(C.ModelGroup.쏘나타._.Model.NF 쏘나타.)))),"http://www.encar.com/fc/fc_carsearchlist.do?carType=for&searchType=model&TG.R=B#!{""action"":""(And.Hidden.N._.(C.CarType.Y._.(C.Manufacturer.현대._.(C.ModelGroup.쏘나타._.Model.NF 쏘나타.))))"",""toggle"":{},""layer"":"""",""sort"":""ModifiedDate"",""page"":1,""limit"":20}"
Hyundai,NF Sonata transform,40~44,M,Gyeonggi-do,614,X,,,Korea,http://api.encar.com/search/car/list/premium?count=true&sr=|ModifiedDate|0|5&q=(And.Hidden.N._.(C.CarType.Y._.(C.Manufacturer.현대._.(C.ModelGroup.쏘나타._.Model.NF 쏘나타 트랜스폼.)))),"http://www.encar.com/fc/fc_carsearchlist.do?carType=for&searchType=model&TG.R=B#!{""action"":""(And.Hidden.N._.(C.CarType.Y._.(C.Manufacturer.현대._.(C.ModelGroup.쏘나타._.Model.NF 쏘나타 트랜스폼.))))"",""toggle"":{},""layer"":"""",""sort"":""ModifiedDate"",""page"":1,""limit"":20}"
Hyundai,Santa Fe CM,40~44,M,Gyeonggi-do,867,X,,,Korea,http://api.encar.com/search/car/list/premium?count=true&sr=|ModifiedDate|0|5&q=(And.Hidden.N._.(C.CarType.Y._.(C.Manufacturer.현대._.(C.ModelGroup.싼타페._.Model.싼타페 CM.)))),"http://www.encar.com/fc/fc_carsearchlist.do?carType=for&searchType=model&TG.R=B#!{""action"":""(And.Hidden.N._.(C.CarType.Y._.(C.Manufacturer.현대._.(C.ModelGroup.싼타페._.Model.싼타페 CM.))))"",""toggle"":{},""layer"":"""",""sort"":""ModifiedDate"",""page"":1,""limit"":20}"
Hyundai,Santa Fe DM,35~39,M,Gyeonggi-do,1207,X,SUV/RV,2021,Korea,http://api.encar.com/search/car/list/premium?count=true&sr=|ModifiedDate|0|5&q=(And.Hidden.N._.(C.CarType.Y._.(C.Manufacturer.현대._.(C.ModelGroup.싼타페._.Model.싼타페 DM.)))),"http://www.encar.com/fc/fc_carsearchlist.do?carType=for&searchType=model&TG.R=B#!{""action"":""(And.Hidden.N._.(C.CarType.Y._.(C.Manufacturer.현대._.(C.ModelGroup.싼타페._.Model.싼타페 DM.))))"",""toggle"":{},""layer"":"""",""sort"":""ModifiedDate"",""page"":1,""limit"":20}"
Hyundai,Santafe the Prime,35~39,M,Gyeonggi-do,929,X,,,Korea,http://api.encar.com/search/car/list/premium?count=true&sr=|ModifiedDate|0|5&q=(And.Hidden.N._.(C.CarType.Y._.(C.Manufacturer.현대._.(C.ModelGroup.싼타페._.Model.싼타페 더 프라임.)))),"http://www.encar.com/fc/fc_carsearchlist.do?carType=for&searchType=model&TG.R=B#!{""action"":""(And.Hidden.N._.(C.CarType.Y._.(C.Manufacturer.현대._.(C.ModelGroup.싼타페._.Model.싼타페 더 프라임.))))"",""toggle"":{},""layer"":"""",""sort"":""ModifiedDate"",""page"":1,""limit"":20}"
Hyundai,Sonata New Rise,35~39,M,Gyeonggi-do,617,O,,,Korea,http://api.encar.com/search/car/list/premium?count=true&sr=|ModifiedDate|0|5&q=(And.Hidden.N._.(C.CarType.Y._.(C.Manufacturer.현대._.(C.ModelGroup.쏘나타._.Model.쏘나타 뉴 라이즈.)))),"http://www.encar.com/fc/fc_carsearchlist.do?carType=for&searchType=model&TG.R=B#!{""action"":""(And.Hidden.N._.(C.CarType.Y._.(C.Manufacturer.현대._.(C.ModelGroup.쏘나타._.Model.쏘나타 뉴 라이즈.))))"",""toggle"":{},""layer"":"""",""sort"":""ModifiedDate"",""page"":1,""limit"":20}"
Hyundai,Sonata the Brilliant,35~39,M,Gyeonggi-do,555,X,MIDDLE,1369,Korea,http://api.encar.com/search/car/list/premium?count=true&sr=|ModifiedDate|0|5&q=(And.Hidden.N._.(C.CarType.Y._.(C.Manufacturer.현대._.(C.ModelGroup.쏘나타._.Model.쏘나타 더 브릴리언트.)))),"http://www.encar.com/fc/fc_carsearchlist.do?carType=for&searchType=model&TG.R=B#!{""action"":""(And.Hidden.N._.(C.CarType.Y._.(C.Manufacturer.현대._.(C.ModelGroup.쏘나타._.Model.쏘나타 더 브릴리언트.))))"",""toggle"":{},""layer"":"""",""sort"":""ModifiedDate"",""page"":1,""limit"":20}"
Hyundai,The Luxury Grandeur,40~44,M,Gyeonggi-do,684,X,,,Korea,http://api.encar.com/search/car/list/premium?count=true&sr=|ModifiedDate|0|5&q=(And.Hidden.N._.(C.CarType.A._.(C.Manufacturer.현대._.(C.ModelGroup.그랜저._.Model.더 럭셔리 그랜저.)))),"http://www.encar.com/fc/fc_carsearchlist.do?carType=for&searchType=model&TG.R=B#!{""action"":""(And.Hidden.N._.(C.CarType.A._.(C.Manufacturer.현대._.(C.ModelGroup.그랜저._.Model.더 럭셔리 그랜저.))))"",""toggle"":{},""layer"":"""",""sort"":""ModifiedDate"",""page"":1,""limit"":20}"
Hyundai,The New Avante,25~29,M,Gyeonggi-do,716,X,SMALL/COMPACT,1095,Korea,http://api.encar.com/search/car/list/premium?count=true&sr=|ModifiedDate|0|5&q=(And.Hidden.N._.(C.CarType.Y._.(C.Manufacturer.현대._.(C.ModelGroup.아반떼._.Model.더 뉴 아반떼.)))),"http://www.encar.com/fc/fc_carsearchlist.do?carType=for&searchType=model&TG.R=B#!{""action"":""(And.Hidden.N._.(C.CarType.Y._.(C.Manufacturer.현대._.(C.ModelGroup.아반떼._.Model.더 뉴 아반떼.))))"",""toggle"":{},""layer"":"""",""sort"":""ModifiedDate"",""page"":1,""limit"":20}"
Hyundai,The New GENESIS Coupe,30~34,M,Gyeonggi-do,532,X,SPORT,1923,Korea,http://api.encar.com/search/car/list/premium?count=true&sr=|ModifiedDate|0|5&q=(And.Hidden.N._.(C.CarType.Y._.(C.Manufacturer.현대._.(C.ModelGroup.제네시스._.Model.더 뉴 제네시스 쿠페.)))),"http://www.encar.com/fc/fc_carsearchlist.do?carType=for&searchType=model&TG.R=B#!{""action"":""(And.Hidden.N._.(C.CarType.Y._.(C.Manufacturer.현대._.(C.ModelGroup.제네시스._.Model.더 뉴 제네시스 쿠페.))))"",""toggle"":{},""layer"":"""",""sort"":""ModifiedDate"",""page"":1,""limit"":20}"
Hyundai,The New Maxcruz,35~39,M,Gyeonggi-do,566,X,,,Korea,http://api.encar.com/search/car/list/premium?count=true&sr=|ModifiedDate|0|5&q=(And.Hidden.N._.(C.CarType.Y._.(C.Manufacturer.현대._.(C.ModelGroup.맥스크루즈._.Model.더 뉴 맥스크루즈.)))),"http://www.encar.com/fc/fc_carsearchlist.do?carType=for&searchType=model&TG.R=B#!{""action"":""(And.Hidden.N._.(C.CarType.Y._.(C.Manufacturer.현대._.(C.ModelGroup.맥스크루즈._.Model.더 뉴 맥스크루즈.))))"",""toggle"":{},""layer"":"""",""sort"":""ModifiedDate"",""page"":1,""limit"":20}"
Hyundai,Tucson ix,35~39,M,Gyeonggi-do,464,X,,,Korea,http://api.encar.com/search/car/list/premium?count=true&sr=|ModifiedDate|0|5&q=(And.Hidden.N._.(C.CarType.Y._.(C.Manufacturer.현대._.(C.ModelGroup.투싼._.Model.투싼 ix.)))),"http://www.encar.com/fc/fc_carsearchlist.do?carType=for&searchType=model&TG.R=B#!{""action"":""(And.Hidden.N._.(C.CarType.Y._.(C.Manufacturer.현대._.(C.ModelGroup.투싼._.Model.투싼 ix.))))"",""toggle"":{},""layer"":"""",""sort"":""ModifiedDate"",""page"":1,""limit"":20}"
Hyundai,Veracruz,35~39,M,Gyeonggi-do,822,X,SUV/RV,2371,Korea,http://api.encar.com/search/car/list/premium?count=true&sr=|ModifiedDate|0|5&q=(And.Hidden.N._.(C.CarType.Y._.(C.Manufacturer.현대._.(C.ModelGroup.베라크루즈._.Model.베라크루즈.)))),"http://www.encar.com/fc/fc_carsearchlist.do?carType=for&searchType=model&TG.R=B#!{""action"":""(And.Hidden.N._.(C.CarType.Y._.(C.Manufacturer.현대._.(C.ModelGroup.베라크루즈._.Model.베라크루즈.))))"",""toggle"":{},""layer"":"""",""sort"":""ModifiedDate"",""page"":1,""limit"":20}"
Hyundai,YF Sonata,35~39,M,Gyeonggi-do,1007,X,,,Korea,http://api.encar.com/search/car/list/premium?count=true&sr=|ModifiedDate|0|5&q=(And.Hidden.N._.(C.CarType.Y._.(C.Manufacturer.현대._.(C.ModelGroup.쏘나타._.Model.YF 쏘나타.)))),"http://www.encar.com/fc/fc_carsearchlist.do?carType=for&searchType=model&TG.R=B#!{""action"":""(And.Hidden.N._.(C.CarType.Y._.(C.Manufacturer.현대._.(C.ModelGroup.쏘나타._.Model.YF 쏘나타.))))"",""toggle"":{},""layer"":"""",""sort"":""ModifiedDate"",""page"":1,""limit"":20}"
Infinity,G37,35~39,M,Seoul,441,X,,,Japan,http://api.encar.com/search/car/list/premium?count=true&sr=|ModifiedDate|0|5&q=(And.Hidden.N._.(C.CarType.N._.(C.Manufacturer.인피니티._.ModelGroup.G.))),"http://www.encar.com/fc/fc_carsearchlist.do?carType=for&searchType=model&TG.R=B#!{""action"":""(And.Hidden.N._.(C.CarType.N._.(C.Manufacturer.인피니티._.ModelGroup.G.)))"",""toggle"":{},""layer"":"""",""sort"":""ModifiedDate"",""page"":1,""limit"":20}"
Infinity,Q50,35~39,M,Gyeonggi-do,706,O,MIDDLE,2688,Japan,http://api.encar.com/search/car/list/premium?count=true&sr=|ModifiedDate|0|5&q=(And.Hidden.N._.(C.CarType.N._.(C.Manufacturer.인피니티._.(C.ModelGroup.Q50._.Model.Q50.)))),"http://www.encar.com/fc/fc_carsearchlist.do?carType=for&searchType=model&TG.R=B#!{""action"":""(And.Hidden.N._.(C.CarType.N._.(C.Manufacturer.인피니티._.(C.ModelGroup.Q50._.Model.Q50.))))"",""toggle"":{},""layer"":"""",""sort"":""ModifiedDate"",""page"":1,""limit"":20}"
Jaguar,New XF,35~39,M,Gyeonggi-do,420,X,MIDDLE,5657,Luxury,http://api.encar.com/search/car/list/premium?count=true&sr=|ModifiedDate|0|5&q=(And.Hidden.N._.(C.CarType.N._.(C.Manufacturer.재규어._.ModelGroup.XF.))),"http://www.encar.com/fc/fc_carsearchlist.do?carType=for&searchType=model&TG.R=B#!{""action"":""(And.Hidden.N._.(C.CarType.N._.(C.Manufacturer.재규어._.ModelGroup.XF.)))"",""toggle"":{},""layer"":"""",""sort"":""ModifiedDate"",""page"":1,""limit"":20}"
Jaguar,XF (X260),35~39,M,Seoul,498,X,,,Luxury,http://api.encar.com/search/car/list/premium?count=true&sr=|ModifiedDate|0|5&q=(And.Hidden.N._.(C.CarType.N._.(C.Manufacturer.재규어._.(C.ModelGroup.XF._.Model.XF (X260_).)))),"http://www.encar.com/fc/fc_carsearchlist.do?carType=for&searchType=model&TG.R=B#!{""action"":""(And.Hidden.N._.(C.CarType.N._.(C.Manufacturer.재규어._.(C.ModelGroup.XF._.Model.XF (X260_).))))"",""toggle"":{},""layer"":"""",""sort"":""ModifiedDate"",""page"":1,""limit"":20}"
Jeep,Grand Cherokee,35~39,M,Gyeonggi-do,608,X,SUV/RV,3742,Luxury,http://api.encar.com/search/car/list/premium?count=true&sr=|ModifiedDate|0|5&q=(And.Hidden.N._.(C.CarType.N._.(C.Manufacturer.지프._.(C.ModelGroup.체로키._.Model.그랜드 체로키.)))),"http://www.encar.com/fc/fc_carsearchlist.do?carType=for&searchType=model&TG.R=B#!{""action"":""(And.Hidden.N._.(C.CarType.N._.(C.Manufacturer.지프._.(C.ModelGroup.체로키._.Model.그랜드 체로키.))))"",""toggle"":{},""layer"":"""",""sort"":""ModifiedDate"",""page"":1,""limit"":20}"
Jeep,Wrangler (JK),35~39,M,Gyeonggi-do,696,X,SUV/RV,4012,Luxury,http://api.encar.com/search/car/list/premium?count=true&sr=|ModifiedDate|0|5&q=(And.Hidden.N._.(C.CarType.N._.(C.Manufacturer.지프._.(C.ModelGroup.랭글러._.Model.랭글러 (JK_).)))),"http://www.encar.com/fc/fc_carsearchlist.do?carType=for&searchType=model&TG.R=B#!{""action"":""(And.Hidden.N._.(C.CarType.N._.(C.Manufacturer.지프._.(C.ModelGroup.랭글러._.Model.랭글러 (JK_).))))"",""toggle"":{},""layer"":"""",""sort"":""ModifiedDate"",""page"":1,""limit"":20}"
Kia,All New Canival,35~39,M,Gyeonggi-do,2572,X,SUV/RV,3425,Korea,http://api.encar.com/search/car/list/premium?count=true&sr=|ModifiedDate|0|5&q=(And.Hidden.N._.(C.CarType.Y._.(C.Manufacturer.기아._.(C.ModelGroup.카니발._.Model.올 뉴 카니발.)))),"http://www.encar.com/fc/fc_carsearchlist.do?carType=for&searchType=model&TG.R=B#!{""action"":""(And.Hidden.N._.(C.CarType.Y._.(C.Manufacturer.기아._.(C.ModelGroup.카니발._.Model.올 뉴 카니발.))))"",""toggle"":{},""layer"":"""",""sort"":""ModifiedDate"",""page"":1,""limit"":20}"
Kia,All New Carens,35~39,M,Gyeonggi-do,426,X,SUV/RV,1412,Korea,http://api.encar.com/search/car/list/premium?count=true&sr=|ModifiedDate|0|5&q=(And.Hidden.N._.(C.CarType.Y._.(C.Manufacturer.기아._.(C.ModelGroup.카렌스._.Model.올 뉴 카렌스.)))),"http://www.encar.com/fc/fc_carsearchlist.do?carType=for&searchType=model&TG.R=B#!{""action"":""(And.Hidden.N._.(C.CarType.Y._.(C.Manufacturer.기아._.(C.ModelGroup.카렌스._.Model.올 뉴 카렌스.))))"",""toggle"":{},""layer"":"""",""sort"":""ModifiedDate"",""page"":1,""limit"":20}"
Kia,All new K7,35~39,M,Gyeonggi-do,1336,X,,,Korea,http://api.encar.com/search/car/list/premium?count=true&sr=|ModifiedDate|0|5&q=(And.Hidden.N._.(C.CarType.Y._.(C.Manufacturer.기아._.(C.ModelGroup.K7._.Model.올 뉴 K7.)))),"http://www.encar.com/fc/fc_carsearchlist.do?carType=for&searchType=model&TG.R=B#!{""action"":""(And.Hidden.N._.(C.CarType.Y._.(C.Manufacturer.기아._.(C.ModelGroup.K7._.Model.올 뉴 K7.))))"",""toggle"":{},""layer"":"""",""sort"":""ModifiedDate"",""page"":1,""limit"":20}"
Kia,All New K7 Hybird,35~39,M,Gyeonggi-do,411,O,,,Korea,http://api.encar.com/search/car/list/premium?count=true&sr=|ModifiedDate|0|5&q=(And.Hidden.N._.(C.CarType.Y._.(C.Manufacturer.기아._.(C.ModelGroup.K7._.Model.올 뉴 K7 하이브리드.)))),"http://www.encar.com/fc/fc_carsearchlist.do?carType=for&searchType=model&TG.R=B#!{""action"":""(And.Hidden.N._.(C.CarType.Y._.(C.Manufacturer.기아._.(C.ModelGroup.K7._.Model.올 뉴 K7 하이브리드.))))"",""toggle"":{},""layer"":"""",""sort"":""ModifiedDate"",""page"":1,""limit"":20}"
Kia,all new Morning,35~39,M,Gyeonggi-do,913,X,SMALL/COMPACT,666,Korea,http://api.encar.com/search/car/list/premium?count=true&sr=|ModifiedDate|0|5&q=(And.Hidden.N._.(C.CarType.Y._.(C.Manufacturer.기아._.(C.ModelGroup.모닝._.Model.올 뉴 모닝.)))),"http://www.encar.com/fc/fc_carsearchlist.do?carType=for&searchType=model&TG.R=B#!{""action"":""(And.Hidden.N._.(C.CarType.Y._.(C.Manufacturer.기아._.(C.ModelGroup.모닝._.Model.올 뉴 모닝.))))"",""toggle"":{},""layer"":"""",""sort"":""ModifiedDate"",""page"":1,""limit"":20}"
Kia,All New Pride,35~39,M,Gyeonggi-do,393,X,SMALL/COMPACT,1019,Korea,http://api.encar.com/search/car/list/premium?count=true&sr=|ModifiedDate|0|5&q=(And.Hidden.N._.(C.CarType.Y._.(C.Manufacturer.기아._.(C.ModelGroup.프라이드._.Model.올 뉴 프라이드.)))),"http://www.encar.com/fc/fc_carsearchlist.do?carType=for&searchType=model&TG.R=B#!{""action"":""(And.Hidden.N._.(C.CarType.Y._.(C.Manufacturer.기아._.(C.ModelGroup.프라이드._.Model.올 뉴 프라이드.))))"",""toggle"":{},""layer"":"""",""sort"":""ModifiedDate"",""page"":1,""limit"":20}"
Kia,All New Sorento,35~39,M,Gyeonggi-do,1856,X,SUV/RV,2393,Korea,http://api.encar.com/search/car/list/premium?count=true&sr=|ModifiedDate|0|5&q=(And.Hidden.N._.(C.CarType.Y._.(C.Manufacturer.기아._.(C.ModelGroup.쏘렌토._.Model.올 뉴 쏘렌토.)))),"http://www.encar.com/fc/fc_carsearchlist.do?carType=for&searchType=model&TG.R=B#!{""action"":""(And.Hidden.N._.(C.CarType.Y._.(C.Manufacturer.기아._.(C.ModelGroup.쏘렌토._.Model.올 뉴 쏘렌토.))))"",""toggle"":{},""layer"":"""",""sort"":""ModifiedDate"",""page"":1,""limit"":20}"
Kia,Carnival R,40~44,M,Gyeonggi-do,1452,X,SUV/RV,2360,Korea,http://api.encar.com/search/car/list/premium?count=true&sr=|ModifiedDate|0|5&q=(And.Hidden.N._.(C.CarType.Y._.(C.Manufacturer.기아._.(C.ModelGroup.카니발._.Model.카니발 R.)))),"http://www.encar.com/fc/fc_carsearchlist.do?carType=for&searchType=model&TG.R=B#!{""action"":""(And.Hidden.N._.(C.CarType.Y._.(C.Manufacturer.기아._.(C.ModelGroup.카니발._.Model.카니발 R.))))"",""toggle"":{},""layer"":"""",""sort"":""ModifiedDate"",""page"":1,""limit"":20}"
Kia,FORTE KOUP,25~29,M,Gyeonggi-do,506,X,,,Korea,http://api.encar.com/search/car/list/premium?count=true&sr=|ModifiedDate|0|5&q=(And.Hidden.N._.(C.CarType.Y._.(C.Manufacturer.기아._.(C.ModelGroup.포르테._.Model.포르테 쿱.)))),"http://www.encar.com/fc/fc_carsearchlist.do?carType=for&searchType=model&TG.R=B#!{""action"":""(And.Hidden.N._.(C.CarType.Y._.(C.Manufacturer.기아._.(C.ModelGroup.포르테._.Model.포르테 쿱.))))"",""toggle"":{},""layer"":"""",""sort"":""ModifiedDate"",""page"":1,""limit"":20}"
Kia,Grand Carnival,40~44,M,Gyeonggi-do,928,X,,,Korea,http://api.encar.com/search/car/list/premium?count=true&sr=|ModifiedDate|0|5&q=(And.Hidden.N._.(C.CarType.Y._.(C.Manufacturer.기아._.(C.ModelGroup.카니발._.Model.그랜드 카니발.)))),"http://www.encar.com/fc/fc_carsearchlist.do?carType=for&searchType=model&TG.R=B#!{""action"":""(And.Hidden.N._.(C.CarType.Y._.(C.Manufacturer.기아._.(C.ModelGroup.카니발._.Model.그랜드 카니발.))))"",""toggle"":{},""layer"":"""",""sort"":""ModifiedDate"",""page"":1,""limit"":20}"
Kia,K3,25~29,M,Gyeonggi-do,620,X,SMALL/COMPACT,1111,Korea,http://api.encar.com/search/car/list/premium?count=true&sr=|ModifiedDate|0|5&q=(And.Hidden.N._.(C.CarType.Y._.(C.Manufacturer.기아._.(C.ModelGroup.K3._.Model.K3.)))),"http://www.encar.com/fc/fc_carsearchlist.do?carType=for&searchType=model&TG.R=B#!{""action"":""(And.Hidden.N._.(C.CarType.Y._.(C.Manufacturer.기아._.(C.ModelGroup.K3._.Model.K3.))))"",""toggle"":{},""layer"":"""",""sort"":""ModifiedDate"",""page"":1,""limit"":20}"
Kia,K5,30~34,M,Gyeonggi-do,1108,O,,,Korea,http://api.encar.com/search/car/list/premium?count=true&sr=|ModifiedDate|0|5&q=(And.Hidden.N._.(C.CarType.Y._.(C.Manufacturer.기아._.(C.ModelGroup.K5._.Model.K5.)))),"http://www.encar.com/fc/fc_carsearchlist.do?carType=for&searchType=model&TG.R=B#!{""action"":""(And.Hidden.N._.(C.CarType.Y._.(C.Manufacturer.기아._.(C.ModelGroup.K5._.Model.K5.))))"",""toggle"":{},""layer"":"""",""sort"":""ModifiedDate"",""page"":1,""limit"":20}"
Kia,K5 2nd,25~29,M,Gyeonggi-do,973,O,,,Korea,http://api.encar.com/search/car/list/premium?count=true&sr=|ModifiedDate|0|5&q=(And.Hidden.N._.(C.CarType.Y._.(C.Manufacturer.기아._.(C.ModelGroup.K5._.Model.K5 2세대.)))),"http://www.encar.com/fc/fc_carsearchlist.do?carType=for&searchType=model&TG.R=B#!{""action"":""(And.Hidden.N._.(C.CarType.Y._.(C.Manufacturer.기아._.(C.ModelGroup.K5._.Model.K5 2세대.))))"",""toggle"":{},""layer"":"""",""sort"":""ModifiedDate"",""page"":1,""limit"":20}"
Kia,K7,35~39,M,Gyeonggi-do,636,X,,,Korea,http://api.encar.com/search/car/list/premium?count=true&sr=|ModifiedDate|0|5&q=(And.Hidden.N._.(C.CarType.Y._.(C.Manufacturer.기아._.(C.ModelGroup.K7._.Model.K7.)))),"http://www.encar.com/fc/fc_carsearchlist.do?carType=for&searchType=model&TG.R=B#!{""action"":""(And.Hidden.N._.(C.CarType.Y._.(C.Manufacturer.기아._.(C.ModelGroup.K7._.Model.K7.))))"",""toggle"":{},""layer"":"""",""sort"":""ModifiedDate"",""page"":1,""limit"":20}"
Kia,K9,40~44,M,Gyeonggi-do,566,X,BIG,3311,Korea,http://api.encar.com/search/car/list/premium?count=true&sr=|ModifiedDate|0|5&q=(And.Hidden.N._.(C.CarType.Y._.(C.Manufacturer.기아._.(C.ModelGroup.K9._.Model.K9.)))),"http://www.encar.com/fc/fc_carsearchlist.do?carType=for&searchType=model&TG.R=B#!{""action"":""(And.Hidden.N._.(C.CarType.Y._.(C.Manufacturer.기아._.(C.ModelGroup.K9._.Model.K9.))))"",""toggle"":{},""layer"":"""",""sort"":""ModifiedDate"",""page"":1,""limit"":20}"
Kia,LOTZE innovation,35~39,M,Gyeonggi-do,411,X,,,Korea,http://api.encar.com/search/car/list/premium?count=true&sr=|ModifiedDate|0|5&q=(And.Hidden.N._.(C.CarType.Y._.(C.Manufacturer.기아._.(C.ModelGroup.로체._.Model.로체 이노베이션.)))),"http://www.encar.com/fc/fc_carsearchlist.do?carType=for&searchType=model&TG.R=B#!{""action"":""(And.Hidden.N._.(C.CarType.Y._.(C.Manufacturer.기아._.(C.ModelGroup.로체._.Model.로체 이노베이션.))))"",""toggle"":{},""layer"":"""",""sort"":""ModifiedDate"",""page"":1,""limit"":20}"
Kia,Mohave,35~39,M,Gyeonggi-do,1192,X,SUV/RV,2841,Korea,http://api.encar.com/search/car/list/premium?count=true&sr=|ModifiedDate|0|5&q=(And.Hidden.N._.(C.CarType.Y._.(C.Manufacturer.기아._.(C.ModelGroup.모하비._.Model.모하비.)))),"http://www.encar.com/fc/fc_carsearchlist.do?carType=for&searchType=model&TG.R=B#!{""action"":""(And.Hidden.N._.(C.CarType.Y._.(C.Manufacturer.기아._.(C.ModelGroup.모하비._.Model.모하비.))))"",""toggle"":{},""layer"":"""",""sort"":""ModifiedDate"",""page"":1,""limit"":20}"
Kia,New Carens,35~39,M,Gyeonggi-do,399,X,,,Korea,http://api.encar.com/search/car/list/premium?count=true&sr=|ModifiedDate|0|5&q=(And.Hidden.N._.(C.CarType.Y._.(C.Manufacturer.기아._.(C.ModelGroup.카렌스._.Model.뉴카렌스.)))),"http://www.encar.com/fc/fc_carsearchlist.do?carType=for&searchType=model&TG.R=B#!{""action"":""(And.Hidden.N._.(C.CarType.Y._.(C.Manufacturer.기아._.(C.ModelGroup.카렌스._.Model.뉴카렌스.))))"",""toggle"":{},""layer"":"""",""sort"":""ModifiedDate"",""page"":1,""limit"":20}"
Kia,New Morning,35~39,M,Gyeonggi-do,606,X,,,Korea,http://api.encar.com/search/car/list/premium?count=true&sr=|ModifiedDate|0|5&q=(And.Hidden.N._.(C.CarType.Y._.(C.Manufacturer.기아._.(C.ModelGroup.모닝._.Model.뉴모닝.)))),"http://www.encar.com/fc/fc_carsearchlist.do?carType=for&searchType=model&TG.R=B#!{""action"":""(And.Hidden.N._.(C.CarType.Y._.(C.Manufacturer.기아._.(C.ModelGroup.모닝._.Model.뉴모닝.))))"",""toggle"":{},""layer"":"""",""sort"":""ModifiedDate"",""page"":1,""limit"":20}"
Kia,New Opirus,40~44,M,Gyeonggi-do,419,X,,,Korea,http://api.encar.com/search/car/list/premium?count=true&sr=|ModifiedDate|0|5&q=(And.Hidden.N._.(C.CarType.Y._.(C.Manufacturer.기아._.(C.ModelGroup.오피러스._.Model.뉴오피러스.)))),"http://www.encar.com/fc/fc_carsearchlist.do?carType=for&searchType=model&TG.R=B#!{""action"":""(And.Hidden.N._.(C.CarType.Y._.(C.Manufacturer.기아._.(C.ModelGroup.오피러스._.Model.뉴오피러스.))))"",""toggle"":{},""layer"":"""",""sort"":""ModifiedDate"",""page"":1,""limit"":20}"
Kia,New Sorento,40~44,M,Gyeonggi-do,431,X,,,Korea,http://api.encar.com/search/car/list/premium?count=true&sr=|ModifiedDate|0|5&q=(And.Hidden.N._.(C.CarType.Y._.(C.Manufacturer.기아._.(C.ModelGroup.쏘렌토._.Model.뉴쏘렌토.)))),"http://www.encar.com/fc/fc_carsearchlist.do?carType=for&searchType=model&TG.R=B#!{""action"":""(And.Hidden.N._.(C.CarType.Y._.(C.Manufacturer.기아._.(C.ModelGroup.쏘렌토._.Model.뉴쏘렌토.))))"",""toggle"":{},""layer"":"""",""sort"":""ModifiedDate"",""page"":1,""limit"":20}"
Kia,New Sorento R,35~39,M,Gyeonggi-do,802,X,SUV/RV,1980,Korea,http://api.encar.com/search/car/list/premium?count=true&sr=|ModifiedDate|0|5&q=(And.Hidden.N._.(C.CarType.Y._.(C.Manufacturer.기아._.(C.ModelGroup.쏘렌토._.Model.뉴 쏘렌토 R.)))),"http://www.encar.com/fc/fc_carsearchlist.do?carType=for&searchType=model&TG.R=B#!{""action"":""(And.Hidden.N._.(C.CarType.Y._.(C.Manufacturer.기아._.(C.ModelGroup.쏘렌토._.Model.뉴 쏘렌토 R.))))"",""toggle"":{},""layer"":"""",""sort"":""ModifiedDate"",""page"":1,""limit"":20}"
Kia,New Sportage,35~39,M,Gyeonggi-do,407,X,,,Korea,http://api.encar.com/search/car/list/premium?count=true&sr=|ModifiedDate|0|5&q=(And.Hidden.N._.(C.CarType.Y._.(C.Manufacturer.기아._.(C.ModelGroup.스포티지._.Model.New 스포티지.)))),"http://www.encar.com/fc/fc_carsearchlist.do?carType=for&searchType=model&TG.R=B#!{""action"":""(And.Hidden.N._.(C.CarType.Y._.(C.Manufacturer.기아._.(C.ModelGroup.스포티지._.Model.New 스포티지.))))"",""toggle"":{},""layer"":"""",""sort"":""ModifiedDate"",""page"":1,""limit"":20}"
Kia,Niro,35~39,M,Gyeonggi-do,456,O,,,Korea,http://api.encar.com/search/car/list/premium?count=true&sr=|ModifiedDate|0|5&q=(And.Hidden.N._.(C.CarType.Y._.(C.Manufacturer.기아._.(C.ModelGroup.니로._.Model.니로.)))),"http://www.encar.com/fc/fc_carsearchlist.do?carType=for&searchType=model&TG.R=B#!{""action"":""(And.Hidden.N._.(C.CarType.Y._.(C.Manufacturer.기아._.(C.ModelGroup.니로._.Model.니로.))))"",""toggle"":{},""layer"":"""",""sort"":""ModifiedDate"",""page"":1,""limit"":20}"
Kia,OPIRUS PREMIUM,40~44,M,Gyeonggi-do,495,X,,,Korea,http://api.encar.com/search/car/list/premium?count=true&sr=|ModifiedDate|0|5&q=(And.Hidden.N._.(C.CarType.Y._.(C.Manufacturer.기아._.(C.ModelGroup.오피러스._.Model.오피러스 프리미엄.)))),"http://www.encar.com/fc/fc_carsearchlist.do?carType=for&searchType=model&TG.R=B#!{""action"":""(And.Hidden.N._.(C.CarType.Y._.(C.Manufacturer.기아._.(C.ModelGroup.오피러스._.Model.오피러스 프리미엄.))))"",""toggle"":{},""layer"":"""",""sort"":""ModifiedDate"",""page"":1,""limit"":20}"
Kia,RAY,35~39,M,Gyeonggi-do,1242,O,SMALL/COMPACT,907,Korea,http://api.encar.com/search/car/list/premium?count=true&sr=|ModifiedDate|0|5&q=(And.Hidden.N._.(C.CarType.Y._.(C.Manufacturer.기아._.(C.ModelGroup.레이._.Model.레이.)))),"http://www.encar.com/fc/fc_carsearchlist.do?carType=for&searchType=model&TG.R=B#!{""action"":""(And.Hidden.N._.(C.CarType.Y._.(C.Manufacturer.기아._.(C.ModelGroup.레이._.Model.레이.))))"",""toggle"":{},""layer"":"""",""sort"":""ModifiedDate"",""page"":1,""limit"":20}"
Kia,Sorento R,35~39,M,Gyeonggi-do,763,X,,,Korea,http://api.encar.com/search/car/list/premium?count=true&sr=|ModifiedDate|0|5&q=(And.Hidden.N._.(C.CarType.Y._.(C.Manufacturer.기아._.(C.ModelGroup.쏘렌토._.Model.쏘렌토 R.)))),"http://www.encar.com/fc/fc_carsearchlist.do?carType=for&searchType=model&TG.R=B#!{""action"":""(And.Hidden.N._.(C.CarType.Y._.(C.Manufacturer.기아._.(C.ModelGroup.쏘렌토._.Model.쏘렌토 R.))))"",""toggle"":{},""layer"":"""",""sort"":""ModifiedDate"",""page"":1,""limit"":20}"
Kia,Sportage fourth generation,25~29,M,Gyeonggi-do,716,X,,,Korea,http://api.encar.com/search/car/list/premium?count=true&sr=|ModifiedDate|0|5&q=(And.Hidden.N._.(C.CarType.Y._.(C.Manufacturer.기아._.(C.ModelGroup.스포티지._.Model.스포티지 4세대.)))),"http://www.encar.com/fc/fc_carsearchlist.do?carType=for&searchType=model&TG.R=B#!{""action"":""(And.Hidden.N._.(C.CarType.Y._.(C.Manufacturer.기아._.(C.ModelGroup.스포티지._.Model.스포티지 4세대.))))"",""toggle"":{},""layer"":"""",""sort"":""ModifiedDate"",""page"":1,""limit"":20}"
Kia,Sportage R,30~34,M,Gyeonggi-do,709,X,,,Korea,http://api.encar.com/search/car/list/premium?count=true&sr=|ModifiedDate|0|5&q=(And.Hidden.N._.(C.CarType.Y._.(C.Manufacturer.기아._.(C.ModelGroup.스포티지._.Model.스포티지 R.)))),"http://www.encar.com/fc/fc_carsearchlist.do?carType=for&searchType=model&TG.R=B#!{""action"":""(And.Hidden.N._.(C.CarType.Y._.(C.Manufacturer.기아._.(C.ModelGroup.스포티지._.Model.스포티지 R.))))"",""toggle"":{},""layer"":"""",""sort"":""ModifiedDate"",""page"":1,""limit"":20}"
Kia,The New K3,25~29,M,Gyeonggi-do,429,X,,,Korea,http://api.encar.com/search/car/list/premium?count=true&sr=|ModifiedDate|0|5&q=(And.Hidden.N._.(C.CarType.Y._.(C.Manufacturer.기아._.(C.ModelGroup.K3._.Model.더 뉴 K3.)))),"http://www.encar.com/fc/fc_carsearchlist.do?carType=for&searchType=model&TG.R=B#!{""action"":""(And.Hidden.N._.(C.CarType.Y._.(C.Manufacturer.기아._.(C.ModelGroup.K3._.Model.더 뉴 K3.))))"",""toggle"":{},""layer"":"""",""sort"":""ModifiedDate"",""page"":1,""limit"":20}"
Kia,The New K5,30~34,M,Gyeonggi-do,759,O,MIDDLE,1622,Korea,http://api.encar.com/search/car/list/premium?count=true&sr=|ModifiedDate|0|5&q=(And.Hidden.N._.(C.CarType.Y._.(C.Manufacturer.기아._.(C.ModelGroup.K5._.Model.더 뉴 K5.)))),"http://www.encar.com/fc/fc_carsearchlist.do?carType=for&searchType=model&TG.R=B#!{""action"":""(And.Hidden.N._.(C.CarType.Y._.(C.Manufacturer.기아._.(C.ModelGroup.K5._.Model.더 뉴 K5.))))"",""toggle"":{},""layer"":"""",""sort"":""ModifiedDate"",""page"":1,""limit"":20}"
Kia,The New K7,35~39,M,Gyeonggi-do,1139,X,BIG,1995,Korea,http://api.encar.com/search/car/list/premium?count=true&sr=|ModifiedDate|0|5&q=(And.Hidden.N._.(C.CarType.Y._.(C.Manufacturer.기아._.(C.ModelGroup.K7._.Model.더 뉴 K7.)))),"http://www.encar.com/fc/fc_carsearchlist.do?carType=for&searchType=model&TG.R=B#!{""action"":""(And.Hidden.N._.(C.CarType.Y._.(C.Manufacturer.기아._.(C.ModelGroup.K7._.Model.더 뉴 K7.))))"",""toggle"":{},""layer"":"""",""sort"":""ModifiedDate"",""page"":1,""limit"":20}"
Kia,The New K9,40~44,M,Gyeonggi-do,525,X,BIG,3549,Korea,http://api.encar.com/search/car/list/premium?count=true&sr=|ModifiedDate|0|5&q=(And.Hidden.N._.(C.CarType.Y._.(C.Manufacturer.기아._.(C.ModelGroup.K9._.Model.더 뉴 K9.)))),"http://www.encar.com/fc/fc_carsearchlist.do?carType=for&searchType=model&TG.R=B#!{""action"":""(And.Hidden.N._.(C.CarType.Y._.(C.Manufacturer.기아._.(C.ModelGroup.K9._.Model.더 뉴 K9.))))"",""toggle"":{},""layer"":"""",""sort"":""ModifiedDate"",""page"":1,""limit"":20}"
Kia,The New Mohave,35~39,M,Gyeonggi-do,579,X,,,Korea,http://api.encar.com/search/car/list/premium?count=true&sr=|ModifiedDate|0|5&q=(And.Hidden.N._.(C.CarType.Y._.(C.Manufacturer.기아._.(C.ModelGroup.모하비._.Model.더 뉴 모하비.)))),"http://www.encar.com/fc/fc_carsearchlist.do?carType=for&searchType=model&TG.R=B#!{""action"":""(And.Hidden.N._.(C.CarType.Y._.(C.Manufacturer.기아._.(C.ModelGroup.모하비._.Model.더 뉴 모하비.))))"",""toggle"":{},""layer"":"""",""sort"":""ModifiedDate"",""page"":1,""limit"":20}"
Kia,The new morning,35~39,M,Gyeonggi-do,502,X,,,Korea,http://api.encar.com/search/car/list/premium?count=true&sr=|ModifiedDate|0|5&q=(And.Hidden.N._.(C.CarType.Y._.(C.Manufacturer.기아._.(C.ModelGroup.모닝._.Model.더 뉴 모닝.)))),"http://www.encar.com/fc/fc_carsearchlist.do?carType=for&searchType=model&TG.R=B#!{""action"":""(And.Hidden.N._.(C.CarType.Y._.(C.Manufacturer.기아._.(C.ModelGroup.모닝._.Model.더 뉴 모닝.))))"",""toggle"":{},""layer"":"""",""sort"":""ModifiedDate"",""page"":1,""limit"":20}"
Kia,The New Sportage R,30~34,M,Gyeonggi-do,718,X,SUV/RV,1611,Korea,http://api.encar.com/search/car/list/premium?count=true&sr=|ModifiedDate|0|5&q=(And.Hidden.N._.(C.CarType.Y._.(C.Manufacturer.기아._.(C.ModelGroup.스포티지._.Model.더 뉴 스포티지 R.)))),"http://www.encar.com/fc/fc_carsearchlist.do?carType=for&searchType=model&TG.R=B#!{""action"":""(And.Hidden.N._.(C.CarType.Y._.(C.Manufacturer.기아._.(C.ModelGroup.스포티지._.Model.더 뉴 스포티지 R.))))"",""toggle"":{},""layer"":"""",""sort"":""ModifiedDate"",""page"":1,""limit"":20}"
Kia,The Prestige K7,35~39,M,Gyeonggi-do,591,X,,,Korea,http://api.encar.com/search/car/list/premium?count=true&sr=|ModifiedDate|0|5&q=(And.Hidden.N._.(C.CarType.Y._.(C.Manufacturer.기아._.(C.ModelGroup.K7._.Model.더 프레스티지 K7.)))),"http://www.encar.com/fc/fc_carsearchlist.do?carType=for&searchType=model&TG.R=B#!{""action"":""(And.Hidden.N._.(C.CarType.Y._.(C.Manufacturer.기아._.(C.ModelGroup.K7._.Model.더 프레스티지 K7.))))"",""toggle"":{},""layer"":"""",""sort"":""ModifiedDate"",""page"":1,""limit"":20}"
Land Rover,Discovery 4,35~39,M,Seoul,1258,X,SUV/RV,5209,Luxury,http://api.encar.com/search/car/list/premium?count=true&sr=|ModifiedDate|0|5&q=(And.Hidden.N._.(C.CarType.N._.(C.Manufacturer.랜드로버._.ModelGroup.디스커버리.))),"http://www.encar.com/fc/fc_carsearchlist.do?carType=for&searchType=model&TG.R=B#!{""action"":""(And.Hidden.N._.(C.CarType.N._.(C.Manufacturer.랜드로버._.ModelGroup.디스커버리.)))"",""toggle"":{},""layer"":"""",""sort"":""ModifiedDate"",""page"":1,""limit"":20}"
Land Rover,Discovery Sport,35~39,M,Seoul,479,X,,,Luxury,http://api.encar.com/search/car/list/premium?count=true&sr=|ModifiedDate|0|5&q=(And.Hidden.N._.(C.CarType.N._.(C.Manufacturer.랜드로버._.ModelGroup.디스커버리 스포츠.))),"http://www.encar.com/fc/fc_carsearchlist.do?carType=for&searchType=model&TG.R=B#!{""action"":""(And.Hidden.N._.(C.CarType.N._.(C.Manufacturer.랜드로버._.ModelGroup.디스커버리 스포츠.)))"",""toggle"":{},""layer"":"""",""sort"":""ModifiedDate"",""page"":1,""limit"":20}"
Land Rover,Range Rover 4th,35~39,M,Seoul,634,O,SUV/RV,14113,Luxury,http://api.encar.com/search/car/list/premium?count=true&sr=|ModifiedDate|0|5&q=(And.Hidden.N._.(C.CarType.N._.(C.Manufacturer.랜드로버._.ModelGroup.레인지로버.))),"http://www.encar.com/fc/fc_carsearchlist.do?carType=for&searchType=model&TG.R=B#!{""action"":""(And.Hidden.N._.(C.CarType.N._.(C.Manufacturer.랜드로버._.ModelGroup.레인지로버.)))"",""toggle"":{},""layer"":"""",""sort"":""ModifiedDate"",""page"":1,""limit"":20}"
Land Rover,Range Rover Evoque,35~39,M,Seoul,594,X,SUV/RV,4316,Luxury,http://api.encar.com/search/car/list/premium?count=true&sr=|ModifiedDate|0|5&q=(And.Hidden.N._.(C.CarType.N._.(C.Manufacturer.랜드로버._.(C.ModelGroup.레인지로버 이보크._.Model.레인지로버 이보크.)))),"http://www.encar.com/fc/fc_carsearchlist.do?carType=for&searchType=model&TG.R=B#!{""action"":""(And.Hidden.N._.(C.CarType.N._.(C.Manufacturer.랜드로버._.(C.ModelGroup.레인지로버 이보크._.Model.레인지로버 이보크.))))"",""toggle"":{},""layer"":"""",""sort"":""ModifiedDate"",""page"":1,""limit"":20}"
Land Rover,Range Rover Sport 2nd,35~39,M,Seoul,647,O,SUV/RV,7356,Luxury,http://api.encar.com/search/car/list/premium?count=true&sr=|ModifiedDate|0|5&q=(And.Hidden.N._.(C.CarType.N._.(C.Manufacturer.랜드로버._.(C.ModelGroup.레인지로버 스포츠._.Model.레인지로버 스포츠 2세대.)))),"http://www.encar.com/fc/fc_carsearchlist.do?carType=for&searchType=model&TG.R=B#!{""action"":""(And.Hidden.N._.(C.CarType.N._.(C.Manufacturer.랜드로버._.(C.ModelGroup.레인지로버 스포츠._.Model.레인지로버 스포츠 2세대.))))"",""toggle"":{},""layer"":"""",""sort"":""ModifiedDate"",""page"":1,""limit"":20}"
Lexus,IS250,35~39,M,Gyeonggi-do,606,X,SMALL/COMPACT,2498,Luxury,http://api.encar.com/search/car/list/premium?count=true&sr=|ModifiedDate|0|5&q=(And.Hidden.N._.(C.CarType.N._.(C.Manufacturer.렉서스._.(C.ModelGroup.IS._.Model.IS250.)))),"http://www.encar.com/fc/fc_carsearchlist.do?carType=for&searchType=model&TG.R=B#!{""action"":""(And.Hidden.N._.(C.CarType.N._.(C.Manufacturer.렉서스._.(C.ModelGroup.IS._.Model.IS250.))))"",""toggle"":{},""layer"":"""",""sort"":""ModifiedDate"",""page"":1,""limit"":20}"
Lexus,New ES300h,35~39,M,Seoul,862,O,BIG,3173,Luxury,http://api.encar.com/search/car/list/premium?count=true&sr=|ModifiedDate|0|5&q=(And.Hidden.N._.(C.CarType.N._.(C.Manufacturer.렉서스._.(C.ModelGroup.ES._.Model.뉴 ES300h.)))),"http://www.encar.com/fc/fc_carsearchlist.do?carType=for&searchType=model&TG.R=B#!{""action"":""(And.Hidden.N._.(C.CarType.N._.(C.Manufacturer.렉서스._.(C.ModelGroup.ES._.Model.뉴 ES300h.))))"",""toggle"":{},""layer"":"""",""sort"":""ModifiedDate"",""page"":1,""limit"":20}"
Lexus,New IS250,35~39,M,Gyeonggi-do,427,X,SMALL/COMPACT,2918,Luxury,http://api.encar.com/search/car/list/premium?count=true&sr=|ModifiedDate|0|5&q=(And.Hidden.N._.(C.CarType.N._.(C.Manufacturer.렉서스._.(C.ModelGroup.IS._.Model.뉴 IS250.)))),"http://www.encar.com/fc/fc_carsearchlist.do?carType=for&searchType=model&TG.R=B#!{""action"":""(And.Hidden.N._.(C.CarType.N._.(C.Manufacturer.렉서스._.(C.ModelGroup.IS._.Model.뉴 IS250.))))"",""toggle"":{},""layer"":"""",""sort"":""ModifiedDate"",""page"":1,""limit"":20}"
Lexus,NX300h,35~39,M,Seoul,375,O,SUV/RV,3824,Luxury,http://api.encar.com/search/car/list/premium?count=true&sr=|ModifiedDate|0|5&q=(And.Hidden.N._.(C.CarType.N._.(C.Manufacturer.렉서스._.(C.ModelGroup.NX._.Model.NX300h.)))),"http://www.encar.com/fc/fc_carsearchlist.do?carType=for&searchType=model&TG.R=B#!{""action"":""(And.Hidden.N._.(C.CarType.N._.(C.Manufacturer.렉서스._.(C.ModelGroup.NX._.Model.NX300h.))))"",""toggle"":{},""layer"":"""",""sort"":""ModifiedDate"",""page"":1,""limit"":20}"
Maserati,Ghibli,35~39,M,Seoul,395,X,MIDDLE,6001,Luxury,http://api.encar.com/search/car/list/premium?count=true&sr=|ModifiedDate|0|5&q=(And.Hidden.N._.(C.CarType.N._.(C.Manufacturer.마세라티._.(C.ModelGroup.기블리._.Model.기블리.)))),"http://www.encar.com/fc/fc_carsearchlist.do?carType=for&searchType=model&TG.R=B#!{""action"":""(And.Hidden.N._.(C.CarType.N._.(C.Manufacturer.마세라티._.(C.ModelGroup.기블리._.Model.기블리.))))"",""toggle"":{},""layer"":"""",""sort"":""ModifiedDate"",""page"":1,""limit"":20}"
Mercedes-Benz,A-Class W176,35~39,M,Seoul,665,X,SMALL/COMPACT,2117,Germany,http://api.encar.com/search/car/list/premium?count=true&sr=|ModifiedDate|0|5&q=(And.Hidden.N._.(C.CarType.N._.(C.Manufacturer.벤츠._.(C.ModelGroup.A-클래스._.Model.A-클래스 W176.)))),"http://www.encar.com/fc/fc_carsearchlist.do?carType=for&searchType=model&TG.R=B#!{""action"":""(And.Hidden.N._.(C.CarType.N._.(C.Manufacturer.벤츠._.(C.ModelGroup.A-클래스._.Model.A-클래스 W176.))))"",""toggle"":{},""layer"":"""",""sort"":""ModifiedDate"",""page"":1,""limit"":20}"
Mercedes-Benz,C-Class W204,35~39,M,Gyeonggi-do,1184,X,SMALL/COMPACT,4151,Germany,http://api.encar.com/search/car/list/premium?count=true&sr=|ModifiedDate|0|5&q=(And.Hidden.N._.(C.CarType.N._.(C.Manufacturer.벤츠._.(C.ModelGroup.C-클래스._.Model.C-클래스 W204.)))),"http://www.encar.com/fc/fc_carsearchlist.do?carType=for&searchType=model&TG.R=B#!{""action"":""(And.Hidden.N._.(C.CarType.N._.(C.Manufacturer.벤츠._.(C.ModelGroup.C-클래스._.Model.C-클래스 W204.))))"",""toggle"":{},""layer"":"""",""sort"":""ModifiedDate"",""page"":1,""limit"":20}"
Mercedes-Benz,C-Class W205,35~39,M,Seoul,2095,X,SMALL/COMPACT,3664,Germany,http://api.encar.com/search/car/list/premium?count=true&sr=|ModifiedDate|0|5&q=(And.Hidden.N._.(C.CarType.N._.(C.Manufacturer.벤츠._.(C.ModelGroup.C-클래스._.Model.C-클래스 W205.)))),"http://www.encar.com/fc/fc_carsearchlist.do?carType=for&searchType=model&TG.R=B#!{""action"":""(And.Hidden.N._.(C.CarType.N._.(C.Manufacturer.벤츠._.(C.ModelGroup.C-클래스._.Model.C-클래스 W205.))))"",""toggle"":{},""layer"":"""",""sort"":""ModifiedDate"",""page"":1,""limit"":20}"
Mercedes-Benz,CLA-Class C117,30~34,M,Gyeonggi-do,624,X,SMALL/COMPACT,3442,Germany,http://api.encar.com/search/car/list/premium?count=true&sr=|ModifiedDate|0|5&q=(And.Hidden.N._.(C.CarType.N._.(C.Manufacturer.벤츠._.(C.ModelGroup.CLA-클래스._.Model.CLA-클래스 C117.)))),"http://www.encar.com/fc/fc_carsearchlist.do?carType=for&searchType=model&TG.R=B#!{""action"":""(And.Hidden.N._.(C.CarType.N._.(C.Manufacturer.벤츠._.(C.ModelGroup.CLA-클래스._.Model.CLA-클래스 C117.))))"",""toggle"":{},""layer"":"""",""sort"":""ModifiedDate"",""page"":1,""limit"":20}"
Mercedes-Benz,CLS-Class W218,35~39,M,Seoul,1532,X,MIDDLE,6865,Germany,http://api.encar.com/search/car/list/premium?count=true&sr=|ModifiedDate|0|5&q=(And.Hidden.N._.(C.CarType.N._.(C.Manufacturer.벤츠._.(C.ModelGroup.CLS-클래스._.Model.CLS-클래스 W218.)))),"http://www.encar.com/fc/fc_carsearchlist.do?carType=for&searchType=model&TG.R=B#!{""action"":""(And.Hidden.N._.(C.CarType.N._.(C.Manufacturer.벤츠._.(C.ModelGroup.CLS-클래스._.Model.CLS-클래스 W218.))))"",""toggle"":{},""layer"":"""",""sort"":""ModifiedDate"",""page"":1,""limit"":20}"
Mercedes-Benz,E-Class W211,35~39,M,Seoul,570,X,,,Germany,http://api.encar.com/search/car/list/premium?count=true&sr=|ModifiedDate|0|5&q=(And.Hidden.N._.(C.CarType.N._.(C.Manufacturer.벤츠._.(C.ModelGroup.E-클래스._.Model.E-클래스 W211.)))),"http://www.encar.com/fc/fc_carsearchlist.do?carType=for&searchType=model&TG.R=B#!{""action"":""(And.Hidden.N._.(C.CarType.N._.(C.Manufacturer.벤츠._.(C.ModelGroup.E-클래스._.Model.E-클래스 W211.))))"",""toggle"":{},""layer"":"""",""sort"":""ModifiedDate"",""page"":1,""limit"":20}"
Mercedes-Benz,E-Class W212,35~39,M,Gyeonggi-do,2618,O,MIDDLE,5596,Germany,http://api.encar.com/search/car/list/premium?count=true&sr=|ModifiedDate|0|5&q=(And.Hidden.N._.(C.CarType.N._.(C.Manufacturer.벤츠._.(C.ModelGroup.E-클래스._.Model.E-클래스 W212.)))),"http://www.encar.com/fc/fc_carsearchlist.do?carType=for&searchType=model&TG.R=B#!{""action"":""(And.Hidden.N._.(C.CarType.N._.(C.Manufacturer.벤츠._.(C.ModelGroup.E-클래스._.Model.E-클래스 W212.))))"",""toggle"":{},""layer"":"""",""sort"":""ModifiedDate"",""page"":1,""limit"":20}"
Mercedes-Benz,E-Class W213,35~39,M,Seoul,2040,X,,,Germany,http://api.encar.com/search/car/list/premium?count=true&sr=|ModifiedDate|0|5&q=(And.Hidden.N._.(C.CarType.N._.(C.Manufacturer.벤츠._.(C.ModelGroup.E-클래스._.Model.E-클래스 W213.)))),"http://www.encar.com/fc/fc_carsearchlist.do?carType=for&searchType=model&TG.R=B#!{""action"":""(And.Hidden.N._.(C.CarType.N._.(C.Manufacturer.벤츠._.(C.ModelGroup.E-클래스._.Model.E-클래스 W213.))))"",""toggle"":{},""layer"":"""",""sort"":""ModifiedDate"",""page"":1,""limit"":20}"
Mercedes-Benz,G-Class W463,35~39,M,Seoul,384,X,SUV/RV,12421,Germany,http://api.encar.com/search/car/list/premium?count=true&sr=|ModifiedDate|0|5&q=(And.Hidden.N._.(C.CarType.N._.(C.Manufacturer.벤츠._.(C.ModelGroup.G-클래스 (G바겐_)._.Model.G-클래스 W463.)))),"http://www.encar.com/fc/fc_carsearchlist.do?carType=for&searchType=model&TG.R=B#!{""action"":""(And.Hidden.N._.(C.CarType.N._.(C.Manufacturer.벤츠._.(C.ModelGroup.G-클래스 (G바겐_)._.Model.G-클래스 W463.))))"",""toggle"":{},""layer"":"""",""sort"":""ModifiedDate"",""page"":1,""limit"":20}"
Mercedes-Benz,GLA-Class X156,35~39,M,Gyeonggi-do,413,X,SUV/RV,3247,Germany,http://api.encar.com/search/car/list/premium?count=true&sr=|ModifiedDate|0|5&q=(And.Hidden.N._.(C.CarType.N._.(C.Manufacturer.벤츠._.(C.ModelGroup.GLA-클래스._.Model.GLA-클래스 X156.)))),"http://www.encar.com/fc/fc_carsearchlist.do?carType=for&searchType=model&TG.R=B#!{""action"":""(And.Hidden.N._.(C.CarType.N._.(C.Manufacturer.벤츠._.(C.ModelGroup.GLA-클래스._.Model.GLA-클래스 X156.))))"",""toggle"":{},""layer"":"""",""sort"":""ModifiedDate"",""page"":1,""limit"":20}"
Mercedes-Benz,GLC-Class X253,35~39,M,Seoul,720,X,,,Germany,http://api.encar.com/search/car/list/premium?count=true&sr=|ModifiedDate|0|5&q=(And.Hidden.N._.(C.CarType.N._.(C.Manufacturer.벤츠._.(C.ModelGroup.GLC-클래스._.Model.GLC-클래스 X253.)))),"http://www.encar.com/fc/fc_carsearchlist.do?carType=for&searchType=model&TG.R=B#!{""action"":""(And.Hidden.N._.(C.CarType.N._.(C.Manufacturer.벤츠._.(C.ModelGroup.GLC-클래스._.Model.GLC-클래스 X253.))))"",""toggle"":{},""layer"":"""",""sort"":""ModifiedDate"",""page"":1,""limit"":20}"
Mercedes-Benz,GLE-Class W166,35~39,M,Seoul,713,X,,,Germany,http://api.encar.com/search/car/list/premium?count=true&sr=|ModifiedDate|0|5&q=(And.Hidden.N._.(C.CarType.N._.(C.Manufacturer.벤츠._.(C.ModelGroup.GLE-클래스._.Model.GLE-클래스 W166.)))),"http://www.encar.com/fc/fc_carsearchlist.do?carType=for&searchType=model&TG.R=B#!{""action"":""(And.Hidden.N._.(C.CarType.N._.(C.Manufacturer.벤츠._.(C.ModelGroup.GLE-클래스._.Model.GLE-클래스 W166.))))"",""toggle"":{},""layer"":"""",""sort"":""ModifiedDate"",""page"":1,""limit"":20}"
Mercedes-Benz,GLK-Class X204,35~39,M,Seoul,428,X,SUV/RV,3276,Germany,http://api.encar.com/search/car/list/premium?count=true&sr=|ModifiedDate|0|5&q=(And.Hidden.N._.(C.CarType.N._.(C.Manufacturer.벤츠._.(C.ModelGroup.GLK-클래스._.Model.GLK-클래스 X204.)))),"http://www.encar.com/fc/fc_carsearchlist.do?carType=for&searchType=model&TG.R=B#!{""action"":""(And.Hidden.N._.(C.CarType.N._.(C.Manufacturer.벤츠._.(C.ModelGroup.GLK-클래스._.Model.GLK-클래스 X204.))))"",""toggle"":{},""layer"":"""",""sort"":""ModifiedDate"",""page"":1,""limit"":20}"
Mercedes-Benz,M-class W166,35~39,M,Seoul,447,X,SUV/RV,6662,Germany,http://api.encar.com/search/car/list/premium?count=true&sr=|ModifiedDate|0|5&q=(And.Hidden.N._.(C.CarType.N._.(C.Manufacturer.벤츠._.(C.ModelGroup.M-클래스._.Model.M-클래스 W166.)))),"http://www.encar.com/fc/fc_carsearchlist.do?carType=for&searchType=model&TG.R=B#!{""action"":""(And.Hidden.N._.(C.CarType.N._.(C.Manufacturer.벤츠._.(C.ModelGroup.M-클래스._.Model.M-클래스 W166.))))"",""toggle"":{},""layer"":"""",""sort"":""ModifiedDate"",""page"":1,""limit"":20}"
Mercedes-Benz,New SLK-Class,35~39,M,Seoul,605,X,SPORT,4556,Germany,http://api.encar.com/search/car/list/premium?count=true&sr=|ModifiedDate|0|5&q=(And.Hidden.N._.(C.CarType.N._.(C.Manufacturer.벤츠._.(C.ModelGroup.SLK-클래스._.Model.뉴 SLK-클래스.)))),"http://www.encar.com/fc/fc_carsearchlist.do?carType=for&searchType=model&TG.R=B#!{""action"":""(And.Hidden.N._.(C.CarType.N._.(C.Manufacturer.벤츠._.(C.ModelGroup.SLK-클래스._.Model.뉴 SLK-클래스.))))"",""toggle"":{},""layer"":"""",""sort"":""ModifiedDate"",""page"":1,""limit"":20}"
Mercedes-Benz,S-Class W221,35~39,M,Gyeonggi-do,681,O,,,Germany,http://api.encar.com/search/car/list/premium?count=true&sr=|ModifiedDate|0|5&q=(And.Hidden.N._.(C.CarType.N._.(C.Manufacturer.벤츠._.(C.ModelGroup.S-클래스._.Model.S-클래스 W221.)))),"http://www.encar.com/fc/fc_carsearchlist.do?carType=for&searchType=model&TG.R=B#!{""action"":""(And.Hidden.N._.(C.CarType.N._.(C.Manufacturer.벤츠._.(C.ModelGroup.S-클래스._.Model.S-클래스 W221.))))"",""toggle"":{},""layer"":"""",""sort"":""ModifiedDate"",""page"":1,""limit"":20}"
Mercedes-Benz,S-Class W222,35~39,M,Seoul,901,O,BIG,10458,Germany,http://api.encar.com/search/car/list/premium?count=true&sr=|ModifiedDate|0|5&q=(And.Hidden.N._.(C.CarType.N._.(C.Manufacturer.벤츠._.(C.ModelGroup.S-클래스._.Model.S-클래스 W222.)))),"http://www.encar.com/fc/fc_carsearchlist.do?carType=for&searchType=model&TG.R=B#!{""action"":""(And.Hidden.N._.(C.CarType.N._.(C.Manufacturer.벤츠._.(C.ModelGroup.S-클래스._.Model.S-클래스 W222.))))"",""toggle"":{},""layer"":"""",""sort"":""ModifiedDate"",""page"":1,""limit"":20}"
Mini,Cooper,35~39,M,Gyeonggi-do,425,X,SMALL/COMPACT,1971,Luxury,http://api.encar.com/search/car/list/premium?count=true&sr=|ModifiedDate|0|5&q=(And.Hidden.N._.(C.CarType.N._.(C.Manufacturer.미니._.(C.ModelGroup.쿠퍼._.Model.쿠퍼.)))),"http://www.encar.com/fc/fc_carsearchlist.do?carType=for&searchType=model&TG.R=B#!{""action"":""(And.Hidden.N._.(C.CarType.N._.(C.Manufacturer.미니._.(C.ModelGroup.쿠퍼._.Model.쿠퍼.))))"",""toggle"":{},""layer"":"""",""sort"":""ModifiedDate"",""page"":1,""limit"":20}"
Mini,Cooper S,35~39,M,Gyeonggi-do,733,X,SMALL/COMPACT,2549,Luxury,http://api.encar.com/search/car/list/premium?count=true&sr=|ModifiedDate|0|5&q=(And.Hidden.N._.(C.CarType.N._.(C.Manufacturer.미니._.(C.ModelGroup.쿠퍼._.Model.쿠퍼 S.)))),"http://www.encar.com/fc/fc_carsearchlist.do?carType=for&searchType=model&TG.R=B#!{""action"":""(And.Hidden.N._.(C.CarType.N._.(C.Manufacturer.미니._.(C.ModelGroup.쿠퍼._.Model.쿠퍼 S.))))"",""toggle"":{},""layer"":"""",""sort"":""ModifiedDate"",""page"":1,""limit"":20}"
Nissan,Altima,35~39,M,Gyeonggi-do,408,X,MIDDLE,1450,Japan,http://api.encar.com/search/car/list/premium?count=true&sr=|ModifiedDate|0|5&q=(And.Hidden.N._.(C.CarType.N._.(C.Manufacturer.닛산._.(C.ModelGroup.알티마._.Model.알티마.)))),"http://www.encar.com/fc/fc_carsearchlist.do?carType=for&searchType=model&TG.R=B#!{""action"":""(And.Hidden.N._.(C.CarType.N._.(C.Manufacturer.닛산._.(C.ModelGroup.알티마._.Model.알티마.))))"",""toggle"":{},""layer"":"""",""sort"":""ModifiedDate"",""page"":1,""limit"":20}"
Porsche,911,35~39,M,Seoul,748,X,SPORT,15647,Luxury,http://api.encar.com/search/car/list/premium?count=true&sr=|ModifiedDate|0|5&q=(And.Hidden.N._.(C.CarType.N._.(C.Manufacturer.포르쉐._.(C.ModelGroup.911._.Model.911.)))),"http://www.encar.com/fc/fc_carsearchlist.do?carType=for&searchType=model&TG.R=B#!{""action"":""(And.Hidden.N._.(C.CarType.N._.(C.Manufacturer.포르쉐._.(C.ModelGroup.911._.Model.911.))))"",""toggle"":{},""layer"":"""",""sort"":""ModifiedDate"",""page"":1,""limit"":20}"
Porsche,Boxster,35~39,M,Seoul,449,X,SPORT,8668,Luxury,http://api.encar.com/search/car/list/premium?count=true&sr=|ModifiedDate|0|5&q=(And.Hidden.N._.(C.CarType.N._.(C.Manufacturer.포르쉐._.(C.ModelGroup.박스터._.Model.박스터.)))),"http://www.encar.com/fc/fc_carsearchlist.do?carType=for&searchType=model&TG.R=B#!{""action"":""(And.Hidden.N._.(C.CarType.N._.(C.Manufacturer.포르쉐._.(C.ModelGroup.박스터._.Model.박스터.))))"",""toggle"":{},""layer"":"""",""sort"":""ModifiedDate"",""page"":1,""limit"":20}"
Porsche,Macan,35~39,M,Seoul,392,X,SUV/RV,7351,Luxury,http://api.encar.com/search/car/list/premium?count=true&sr=|ModifiedDate|0|5&q=(And.Hidden.N._.(C.CarType.N._.(C.Manufacturer.포르쉐._.(C.ModelGroup.마칸._.Model.마칸.)))),"http://www.encar.com/fc/fc_carsearchlist.do?carType=for&searchType=model&TG.R=B#!{""action"":""(And.Hidden.N._.(C.CarType.N._.(C.Manufacturer.포르쉐._.(C.ModelGroup.마칸._.Model.마칸.))))"",""toggle"":{},""layer"":"""",""sort"":""ModifiedDate"",""page"":1,""limit"":20}"
Porsche,New Cayenne,35~39,M,Seoul,793,X,SUV/RV,9410,Luxury,http://api.encar.com/search/car/list/premium?count=true&sr=|ModifiedDate|0|5&q=(And.Hidden.N._.(C.CarType.N._.(C.Manufacturer.포르쉐._.(C.ModelGroup.카이엔._.Model.뉴 카이엔.)))),"http://www.encar.com/fc/fc_carsearchlist.do?carType=for&searchType=model&TG.R=B#!{""action"":""(And.Hidden.N._.(C.CarType.N._.(C.Manufacturer.포르쉐._.(C.ModelGroup.카이엔._.Model.뉴 카이엔.))))"",""toggle"":{},""layer"":"""",""sort"":""ModifiedDate"",""page"":1,""limit"":20}"
Porsche,Panamera,35~39,M,Seoul,445,O,BIG,16931,Luxury,http://api.encar.com/search/car/list/premium?count=true&sr=|ModifiedDate|0|5&q=(And.Hidden.N._.(C.CarType.N._.(C.Manufacturer.포르쉐._.(C.ModelGroup.파나메라._.Model.파나메라.)))),"http://www.encar.com/fc/fc_carsearchlist.do?carType=for&searchType=model&TG.R=B#!{""action"":""(And.Hidden.N._.(C.CarType.N._.(C.Manufacturer.포르쉐._.(C.ModelGroup.파나메라._.Model.파나메라.))))"",""toggle"":{},""layer"":"""",""sort"":""ModifiedDate"",""page"":1,""limit"":20}"
Renault-Samsung,All New SM7,35~39,M,Gyeonggi-do,575,X,BIG,1534,Korea,http://api.encar.com/search/car/list/premium?count=true&sr=|ModifiedDate|0|5&q=(And.Hidden.N._.(C.CarType.Y._.(C.Manufacturer.르노삼성._.(C.ModelGroup.SM7._.Model.All New SM7.)))),"http://www.encar.com/fc/fc_carsearchlist.do?carType=for&searchType=model&TG.R=B#!{""action"":""(And.Hidden.N._.(C.CarType.Y._.(C.Manufacturer.르노삼성._.(C.ModelGroup.SM7._.Model.All New SM7.))))"",""toggle"":{},""layer"":"""",""sort"":""ModifiedDate"",""page"":1,""limit"":20}"
Renault-Samsung,New SM3,35~39,M,Gyeonggi-do,400,X,SMALL/COMPACT,857,Korea,http://api.encar.com/search/car/list/premium?count=true&sr=|ModifiedDate|0|5&q=(And.Hidden.N._.(C.CarType.Y._.(C.Manufacturer.르노삼성._.(C.ModelGroup.SM3._.Model.뉴SM3.)))),"http://www.encar.com/fc/fc_carsearchlist.do?carType=for&searchType=model&TG.R=B#!{""action"":""(And.Hidden.N._.(C.CarType.Y._.(C.Manufacturer.르노삼성._.(C.ModelGroup.SM3._.Model.뉴SM3.))))"",""toggle"":{},""layer"":"""",""sort"":""ModifiedDate"",""page"":1,""limit"":20}"
Renault-Samsung,New SM5,35~39,M,Gyeonggi-do,508,X,,,Korea,http://api.encar.com/search/car/list/premium?count=true&sr=|ModifiedDate|0|5&q=(And.Hidden.N._.(C.CarType.Y._.(C.Manufacturer.르노삼성._.(C.ModelGroup.SM5._.Model.뉴SM5.)))),"http://www.encar.com/fc/fc_carsearchlist.do?carType=for&searchType=model&TG.R=B#!{""action"":""(And.Hidden.N._.(C.CarType.Y._.(C.Manufacturer.르노삼성._.(C.ModelGroup.SM5._.Model.뉴SM5.))))"",""toggle"":{},""layer"":"""",""sort"":""ModifiedDate"",""page"":1,""limit"":20}"
Renault-Samsung,New SM5 Platinum,35~39,M,Gyeonggi-do,713,X,MIDDLE,1148,Korea,http://api.encar.com/search/car/list/premium?count=true&sr=|ModifiedDate|0|5&q=(And.Hidden.N._.(C.CarType.Y._.(C.Manufacturer.르노삼성._.(C.ModelGroup.SM5._.Model.뉴SM5 플래티넘.)))),"http://www.encar.com/fc/fc_carsearchlist.do?carType=for&searchType=model&TG.R=B#!{""action"":""(And.Hidden.N._.(C.CarType.Y._.(C.Manufacturer.르노삼성._.(C.ModelGroup.SM5._.Model.뉴SM5 플래티넘.))))"",""toggle"":{},""layer"":"""",""sort"":""ModifiedDate"",""page"":1,""limit"":20}"
Renault-Samsung,New SM5(new),35~39,M,Gyeonggi-do,765,X,,,Korea,http://api.encar.com/search/car/list/premium?count=true&sr=|ModifiedDate|0|5&q=(And.Hidden.N._.(C.CarType.Y._.(C.Manufacturer.르노삼성._.(C.ModelGroup.SM5._.Model.뉴SM5(신형_).)))),"http://www.encar.com/fc/fc_carsearchlist.do?carType=for&searchType=model&TG.R=B#!{""action"":""(And.Hidden.N._.(C.CarType.Y._.(C.Manufacturer.르노삼성._.(C.ModelGroup.SM5._.Model.뉴SM5(신형_).))))"",""toggle"":{},""layer"":"""",""sort"":""ModifiedDate"",""page"":1,""limit"":20}"
Renault-Samsung,QM3,35~39,M,Gyeonggi-do,383,X,SUV/RV,1152,Korea,http://api.encar.com/search/car/list/premium?count=true&sr=|ModifiedDate|0|5&q=(And.Hidden.N._.(C.CarType.Y._.(C.Manufacturer.르노삼성._.(C.ModelGroup.QM3._.Model.QM3.)))),"http://www.encar.com/fc/fc_carsearchlist.do?carType=for&searchType=model&TG.R=B#!{""action"":""(And.Hidden.N._.(C.CarType.Y._.(C.Manufacturer.르노삼성._.(C.ModelGroup.QM3._.Model.QM3.))))"",""toggle"":{},""layer"":"""",""sort"":""ModifiedDate"",""page"":1,""limit"":20}"
Renault-Samsung,QM6,35~39,M,Gyeonggi-do,478,X,,,Korea,http://api.encar.com/search/car/list/premium?count=true&sr=|ModifiedDate|0|5&q=(And.Hidden.N._.(C.CarType.Y._.(C.Manufacturer.르노삼성._.(C.ModelGroup.QM6._.Model.QM6.)))),"http://www.encar.com/fc/fc_carsearchlist.do?carType=for&searchType=model&TG.R=B#!{""action"":""(And.Hidden.N._.(C.CarType.Y._.(C.Manufacturer.르노삼성._.(C.ModelGroup.QM6._.Model.QM6.))))"",""toggle"":{},""layer"":"""",""sort"":""ModifiedDate"",""page"":1,""limit"":20}"
Renault-Samsung,SM5,40~44,M,Gyeonggi-do,492,X,,,Korea,http://api.encar.com/search/car/list/premium?count=true&sr=|ModifiedDate|0|5&q=(And.Hidden.N._.(C.CarType.Y._.(C.Manufacturer.르노삼성._.(C.ModelGroup.SM5._.Model.SM5.)))),"http://www.encar.com/fc/fc_carsearchlist.do?carType=for&searchType=model&TG.R=B#!{""action"":""(And.Hidden.N._.(C.CarType.Y._.(C.Manufacturer.르노삼성._.(C.ModelGroup.SM5._.Model.SM5.))))"",""toggle"":{},""layer"":"""",""sort"":""ModifiedDate"",""page"":1,""limit"":20}"
Renault-Samsung,SM5 New Impression,35~39,M,Gyeonggi-do,610,X,,,Korea,http://api.encar.com/search/car/list/premium?count=true&sr=|ModifiedDate|0|5&q=(And.Hidden.N._.(C.CarType.Y._.(C.Manufacturer.르노삼성._.(C.ModelGroup.SM5._.Model.SM5 뉴 임프레션.)))),"http://www.encar.com/fc/fc_carsearchlist.do?carType=for&searchType=model&TG.R=B#!{""action"":""(And.Hidden.N._.(C.CarType.Y._.(C.Manufacturer.르노삼성._.(C.ModelGroup.SM5._.Model.SM5 뉴 임프레션.))))"",""toggle"":{},""layer"":"""",""sort"":""ModifiedDate"",""page"":1,""limit"":20}"
Renault-Samsung,SM5 Nova,35~39,M,Gyeonggi-do,548,X,,,Korea,http://api.encar.com/search/car/list/premium?count=true&sr=|ModifiedDate|0|5&q=(And.Hidden.N._.(C.CarType.Y._.(C.Manufacturer.르노삼성._.(C.ModelGroup.SM5._.Model.SM5 노바.)))),"http://www.encar.com/fc/fc_carsearchlist.do?carType=for&searchType=model&TG.R=B#!{""action"":""(And.Hidden.N._.(C.CarType.Y._.(C.Manufacturer.르노삼성._.(C.ModelGroup.SM5._.Model.SM5 노바.))))"",""toggle"":{},""layer"":"""",""sort"":""ModifiedDate"",""page"":1,""limit"":20}"
Renault-Samsung,SM6,35~39,M,Gyeonggi-do,960,X,,,Korea,http://api.encar.com/search/car/list/premium?count=true&sr=|ModifiedDate|0|5&q=(And.Hidden.N._.(C.CarType.Y._.(C.Manufacturer.르노삼성._.(C.ModelGroup.SM6._.Model.SM6.)))),"http://www.encar.com/fc/fc_carsearchlist.do?carType=for&searchType=model&TG.R=B#!{""action"":""(And.Hidden.N._.(C.CarType.Y._.(C.Manufacturer.르노삼성._.(C.ModelGroup.SM6._.Model.SM6.))))"",""toggle"":{},""layer"":"""",""sort"":""ModifiedDate"",""page"":1,""limit"":20}"
Renault-Samsung,SM7 New Art,40~44,M,Gyeonggi-do,542,X,,,Korea,http://api.encar.com/search/car/list/premium?count=true&sr=|ModifiedDate|0|5&q=(And.Hidden.N._.(C.CarType.Y._.(C.Manufacturer.르노삼성._.(C.ModelGroup.SM7._.Model.SM7 New Art.)))),"http://www.encar.com/fc/fc_carsearchlist.do?carType=for&searchType=model&TG.R=B#!{""action"":""(And.Hidden.N._.(C.CarType.Y._.(C.Manufacturer.르노삼성._.(C.ModelGroup.SM7._.Model.SM7 New Art.))))"",""toggle"":{},""layer"":"""",""sort"":""ModifiedDate"",""page"":1,""limit"":20}"
Renault-Samsung,SM7 Nova,35~39,M,Gyeonggi-do,568,X,BIG,1632,Korea,http://api.encar.com/search/car/list/premium?count=true&sr=|ModifiedDate|0|5&q=(And.Hidden.N._.(C.CarType.Y._.(C.Manufacturer.르노삼성._.(C.ModelGroup.SM7._.Model.SM7 노바.)))),"http://www.encar.com/fc/fc_carsearchlist.do?carType=for&searchType=model&TG.R=B#!{""action"":""(And.Hidden.N._.(C.CarType.Y._.(C.Manufacturer.르노삼성._.(C.ModelGroup.SM7._.Model.SM7 노바.))))"",""toggle"":{},""layer"":"""",""sort"":""ModifiedDate"",""page"":1,""limit"":20}"
Ssangyong,Chairman W,40~44,M,Gyeonggi-do,412,X,,,Korea,http://api.encar.com/search/car/list/premium?count=true&sr=|ModifiedDate|0|5&q=(And.Hidden.N._.(C.CarType.Y._.(C.Manufacturer.쌍용._.(C.ModelGroup.체어맨._.Model.체어맨 W.)))),"http://www.encar.com/fc/fc_carsearchlist.do?carType=for&searchType=model&TG.R=B#!{""action"":""(And.Hidden.N._.(C.CarType.Y._.(C.Manufacturer.쌍용._.(C.ModelGroup.체어맨._.Model.체어맨 W.))))"",""toggle"":{},""layer"":"""",""sort"":""ModifiedDate"",""page"":1,""limit"":20}"
Ssangyong,G4 Rexton,35~39,M,Gyeonggi-do,474,X,,,Korea,http://api.encar.com/search/car/list/premium?count=true&sr=|ModifiedDate|0|5&q=(And.Hidden.N._.(C.CarType.Y._.(C.Manufacturer.쌍용._.(C.ModelGroup.렉스턴._.Model.G4 렉스턴.)))),"http://www.encar.com/fc/fc_carsearchlist.do?carType=for&searchType=model&TG.R=B#!{""action"":""(And.Hidden.N._.(C.CarType.Y._.(C.Manufacturer.쌍용._.(C.ModelGroup.렉스턴._.Model.G4 렉스턴.))))"",""toggle"":{},""layer"":"""",""sort"":""ModifiedDate"",""page"":1,""limit"":20}"
Ssangyong,Korando Sports,35~39,M,Gyeonggi-do,617,X,SUV/RV,1555,Korea,http://api.encar.com/search/car/list/premium?count=true&sr=|ModifiedDate|0|5&q=(And.Hidden.N._.(C.CarType.Y._.(C.Manufacturer.쌍용._.(C.ModelGroup.코란도._.Model.코란도 스포츠.)))),"http://www.encar.com/fc/fc_carsearchlist.do?carType=for&searchType=model&TG.R=B#!{""action"":""(And.Hidden.N._.(C.CarType.Y._.(C.Manufacturer.쌍용._.(C.ModelGroup.코란도._.Model.코란도 스포츠.))))"",""toggle"":{},""layer"":"""",""sort"":""ModifiedDate"",""page"":1,""limit"":20}"
Ssangyong,Korando Turismo,40~44,M,Gyeonggi-do,633,X,SUV/RV,2370,Korea,http://api.encar.com/search/car/list/premium?count=true&sr=|ModifiedDate|0|5&q=(And.Hidden.N._.(C.CarType.Y._.(C.Manufacturer.쌍용._.(C.ModelGroup.코란도._.Model.코란도 투리스모.)))),"http://www.encar.com/fc/fc_carsearchlist.do?carType=for&searchType=model&TG.R=B#!{""action"":""(And.Hidden.N._.(C.CarType.Y._.(C.Manufacturer.쌍용._.(C.ModelGroup.코란도._.Model.코란도 투리스모.))))"",""toggle"":{},""layer"":"""",""sort"":""ModifiedDate"",""page"":1,""limit"":20}"
Ssangyong,New Chairman W,40~44,M,Gyeonggi-do,464,X,BIG,4085,Korea,http://api.encar.com/search/car/list/premium?count=true&sr=|ModifiedDate|0|5&q=(And.Hidden.N._.(C.CarType.Y._.(C.Manufacturer.쌍용._.(C.ModelGroup.체어맨._.Model.뉴체어맨 W.)))),"http://www.encar.com/fc/fc_carsearchlist.do?carType=for&searchType=model&TG.R=B#!{""action"":""(And.Hidden.N._.(C.CarType.Y._.(C.Manufacturer.쌍용._.(C.ModelGroup.체어맨._.Model.뉴체어맨 W.))))"",""toggle"":{},""layer"":"""",""sort"":""ModifiedDate"",""page"":1,""limit"":20}"
Ssangyong,New Korando,40~44,M,Gyeonggi-do,483,X,,,Korea,http://api.encar.com/search/car/list/premium?count=true&sr=|ModifiedDate|0|5&q=(And.Hidden.N._.(C.CarType.Y._.(C.Manufacturer.쌍용._.(C.ModelGroup.코란도._.Model.뉴코란도.)))),"http://www.encar.com/fc/fc_carsearchlist.do?carType=for&searchType=model&TG.R=B#!{""action"":""(And.Hidden.N._.(C.CarType.Y._.(C.Manufacturer.쌍용._.(C.ModelGroup.코란도._.Model.뉴코란도.))))"",""toggle"":{},""layer"":"""",""sort"":""ModifiedDate"",""page"":1,""limit"":20}"
Ssangyong,New KORANDO C,35~39,M,Gyeonggi-do,463,X,SUV/RV,1539,Korea,http://api.encar.com/search/car/list/premium?count=true&sr=|ModifiedDate|0|5&q=(And.Hidden.N._.(C.CarType.Y._.(C.Manufacturer.쌍용._.(C.ModelGroup.코란도._.Model.뉴코란도 C.)))),"http://www.encar.com/fc/fc_carsearchlist.do?carType=for&searchType=model&TG.R=B#!{""action"":""(And.Hidden.N._.(C.CarType.Y._.(C.Manufacturer.쌍용._.(C.ModelGroup.코란도._.Model.뉴코란도 C.))))"",""toggle"":{},""layer"":"""",""sort"":""ModifiedDate"",""page"":1,""limit"":20}"
Ssangyong,Rexton W,35~39,M,Gyeonggi-do,640,X,SUV/RV,1964,Korea,http://api.encar.com/search/car/list/premium?count=true&sr=|ModifiedDate|0|5&q=(And.Hidden.N._.(C.CarType.Y._.(C.Manufacturer.쌍용._.(C.ModelGroup.렉스턴._.Model.렉스턴 W.)))),"http://www.encar.com/fc/fc_carsearchlist.do?carType=for&searchType=model&TG.R=B#!{""action"":""(And.Hidden.N._.(C.CarType.Y._.(C.Manufacturer.쌍용._.(C.ModelGroup.렉스턴._.Model.렉스턴 W.))))"",""toggle"":{},""layer"":"""",""sort"":""ModifiedDate"",""page"":1,""limit"":20}"
Ssangyong,Super Rexton,40~44,M,Gyeonggi-do,417,X,,,Korea,http://api.encar.com/search/car/list/premium?count=true&sr=|ModifiedDate|0|5&q=(And.Hidden.N._.(C.CarType.Y._.(C.Manufacturer.쌍용._.(C.ModelGroup.렉스턴._.Model.슈퍼 렉스턴.)))),"http://www.encar.com/fc/fc_carsearchlist.do?carType=for&searchType=model&TG.R=B#!{""action"":""(And.Hidden.N._.(C.CarType.Y._.(C.Manufacturer.쌍용._.(C.ModelGroup.렉스턴._.Model.슈퍼 렉스턴.))))"",""toggle"":{},""layer"":"""",""sort"":""ModifiedDate"",""page"":1,""limit"":20}"
Ssangyong,Tivoli,30~34,M,Gyeonggi-do,501,X,,,Korea,http://api.encar.com/search/car/list/premium?count=true&sr=|ModifiedDate|0|5&q=(And.Hidden.N._.(C.CarType.Y._.(C.Manufacturer.쌍용._.(C.ModelGroup.티볼리._.Model.티볼리.)))),"http://www.encar.com/fc/fc_carsearchlist.do?carType=for&searchType=model&TG.R=B#!{""action"":""(And.Hidden.N._.(C.CarType.Y._.(C.Manufacturer.쌍용._.(C.ModelGroup.티볼리._.Model.티볼리.))))"",""toggle"":{},""layer"":"""",""sort"":""ModifiedDate"",""page"":1,""limit"":20}"
Toyota,New Camry,35~39,M,Gyeonggi-do,557,O,MIDDLE,1828,Japan,http://api.encar.com/search/car/list/premium?count=true&sr=|ModifiedDate|0|5&q=(And.Hidden.N._.(C.CarType.N._.(C.Manufacturer.도요타._.(C.ModelGroup.캠리._.Model.뉴 캠리.)))),"http://www.encar.com/fc/fc_carsearchlist.do?carType=for&searchType=model&TG.R=B#!{""action"":""(And.Hidden.N._.(C.CarType.N._.(C.Manufacturer.도요타._.(C.ModelGroup.캠리._.Model.뉴 캠리.))))"",""toggle"":{},""layer"":"""",""sort"":""ModifiedDate"",""page"":1,""limit"":20}"
Volkswagen,Golf MK6,35~39,M,Seoul,853,X,SMALL/COMPACT,2070,Luxury,http://api.encar.com/search/car/list/premium?count=true&sr=|ModifiedDate|0|5&q=(And.Hidden.N._.(C.CarType.N._.(C.Manufacturer.폭스바겐._.(C.ModelGroup.골프._.Model.골프 6세대.)))),"http://www.encar.com/fc/fc_carsearchlist.do?carType=for&searchType=model&TG.R=B#!{""action"":""(And.Hidden.N._.(C.CarType.N._.(C.Manufacturer.폭스바겐._.(C.ModelGroup.골프._.Model.골프 6세대.))))"",""toggle"":{},""layer"":"""",""sort"":""ModifiedDate"",""page"":1,""limit"":20}"
Volkswagen,Golf MK7,35~39,M,Seoul,1411,X,SMALL/COMPACT,2247,Luxury,http://api.encar.com/search/car/list/premium?count=true&sr=|ModifiedDate|0|5&q=(And.Hidden.N._.(C.CarType.N._.(C.Manufacturer.폭스바겐._.(C.ModelGroup.골프._.Model.골프 7세대.)))),"http://www.encar.com/fc/fc_carsearchlist.do?carType=for&searchType=model&TG.R=B#!{""action"":""(And.Hidden.N._.(C.CarType.N._.(C.Manufacturer.폭스바겐._.(C.ModelGroup.골프._.Model.골프 7세대.))))"",""toggle"":{},""layer"":"""",""sort"":""ModifiedDate"",""page"":1,""limit"":20}"
Volkswagen,NEW CC,35~39,M,Gyeonggi-do,819,X,MIDDLE,2352,Luxury,http://api.encar.com/search/car/list/premium?count=true&sr=|ModifiedDate|0|5&q=(And.Hidden.N._.(C.CarType.N._.(C.Manufacturer.폭스바겐._.(C.ModelGroup.CC._.Model.뉴 CC.)))),"http://www.encar.com/fc/fc_carsearchlist.do?carType=for&searchType=model&TG.R=B#!{""action"":""(And.Hidden.N._.(C.CarType.N._.(C.Manufacturer.폭스바겐._.(C.ModelGroup.CC._.Model.뉴 CC.))))"",""toggle"":{},""layer"":"""",""sort"":""ModifiedDate"",""page"":1,""limit"":20}"
Volkswagen,New Tiguan,35~39,M,Gyeonggi-do,781,X,SUV/RV,2345,Luxury,http://api.encar.com/search/car/list/premium?count=true&sr=|ModifiedDate|0|5&q=(And.Hidden.N._.(C.CarType.N._.(C.Manufacturer.폭스바겐._.(C.ModelGroup.티구안._.Model.뉴 티구안.)))),"http://www.encar.com/fc/fc_carsearchlist.do?carType=for&searchType=model&TG.R=B#!{""action"":""(And.Hidden.N._.(C.CarType.N._.(C.Manufacturer.폭스바겐._.(C.ModelGroup.티구안._.Model.뉴 티구안.))))"",""toggle"":{},""layer"":"""",""sort"":""ModifiedDate"",""page"":1,""limit"":20}"
Volkswagen,New Touareg,35~39,M,Gyeonggi-do,514,X,SUV/RV,5304,Luxury,http://api.encar.com/search/car/list/premium?count=true&sr=|ModifiedDate|0|5&q=(And.Hidden.N._.(C.CarType.N._.(C.Manufacturer.폭스바겐._.(C.ModelGroup.투아렉._.Model.뉴 투아렉.)))),"http://www.encar.com/fc/fc_carsearchlist.do?carType=for&searchType=model&TG.R=B#!{""action"":""(And.Hidden.N._.(C.CarType.N._.(C.Manufacturer.폭스바겐._.(C.ModelGroup.투아렉._.Model.뉴 투아렉.))))"",""toggle"":{},""layer"":"""",""sort"":""ModifiedDate"",""page"":1,""limit"":20}"
Volkswagen,The New Passat,35~39,M,Gyeonggi-do,576,X,MIDDLE,1736,Luxury,http://api.encar.com/search/car/list/premium?count=true&sr=|ModifiedDate|0|5&q=(And.Hidden.N._.(C.CarType.N._.(C.Manufacturer.폭스바겐._.(C.ModelGroup.파사트._.Model.더 뉴 파사트.)))),"http://www.encar.com/fc/fc_carsearchlist.do?carType=for&searchType=model&TG.R=B#!{""action"":""(And.Hidden.N._.(C.CarType.N._.(C.Manufacturer.폭스바겐._.(C.ModelGroup.파사트._.Model.더 뉴 파사트.))))"",""toggle"":{},""layer"":"""",""sort"":""ModifiedDate"",""page"":1,""limit"":20}"
Volvo,S60,35~39,M,Gyeonggi-do,378,X,MIDDLE,2293,Luxury,http://api.encar.com/search/car/list/premium?count=true&sr=|ModifiedDate|0|5&q=(And.Hidden.N._.(C.CarType.N._.(C.Manufacturer.볼보._.(C.ModelGroup.S60._.Model.S60.)))),"http://www.encar.com/fc/fc_carsearchlist.do?carType=for&searchType=model&TG.R=B#!{""action"":""(And.Hidden.N._.(C.CarType.N._.(C.Manufacturer.볼보._.(C.ModelGroup.S60._.Model.S60.))))"",""toggle"":{},""layer"":"""",""sort"":""ModifiedDate"",""page"":1,""limit"":20}"
Volvo,XC90 2nd,35~39,M,Seoul,707,O,,,Luxury,http://api.encar.com/search/car/list/premium?count=true&sr=|ModifiedDate|0|5&q=(And.Hidden.N._.(C.CarType.N._.(C.Manufacturer.볼보._.(C.ModelGroup.XC90._.Model.XC90 2세대.)))),"http://www.encar.com/fc/fc_carsearchlist.do?carType=for&searchType=model&TG.R=B#!{""action"":""(And.Hidden.N._.(C.CarType.N._.(C.Manufacturer.볼보._.(C.ModelGroup.XC90._.Model.XC90 2세대.))))"",""toggle"":{},""layer"":"""",""sort"":""ModifiedDate"",""page"":1,""limit"":20}"