Manufacturer,Model,Sum,EV/Hybrid available,Car type,Price,Country,advertisement list API,link to list page of Encar.com
Audi,A5,747,X,MIDDLE,3605,Germany,http://api.encar.com/search/car/list/premium?count=true&sr=|ModifiedDate|0|5&q=(And.Hidden.N._.(C.CarType.A._.(C.Manufacturer.아우디._.ModelGroup.A5.))),"http://www.encar.com/fc/fc_carsearchlist.do?carType=for&searchType=model&TG.R=B#!{""action"":""(And.Hidden.N._.(C.CarType.A._.(C.Manufacturer.아우디._.ModelGroup.A5.)))"",""toggle"":{},""layer"":"""",""sort"":""ModifiedDate"",""page"":1,""limit"":20}"
Audi,A7,958,X,BIG,5069,Germany,http://api.encar.com/search/car/list/premium?count=true&sr=|ModifiedDate|0|5&q=(And.Hidden.N._.(C.CarType.A._.(C.Manufacturer.아우디._.ModelGroup.A7.))),"http://www.encar.com/fc/fc_carsearchlist.do?carType=for&searchType=model&TG.R=B#!{""action"":""(And.Hidden.N._.(C.CarType.A._.(C.Manufacturer.아우디._.ModelGroup.A7.)))"",""toggle"":{},""layer"":"""",""sort"":""ModifiedDate"",""page"":1,""limit"":20}"
Audi,NEW A3,403,X,SMALL/COMPACT,1900,Germany,http://api.encar.com/search/car/list/premium?count=true&sr=|ModifiedDate|0|5&q=(And.Hidden.N._.(C.CarType.A._.(C.Manufacturer.아우디._.(C.ModelGroup.A3._.Model.뉴 A3.)))),"http://www.encar.com/fc/fc_carsearchlist.do?carType=for&searchType=model&TG.R=B#!{""action"":""(And.Hidden.N._.(C.CarType.A._.(C.Manufacturer.아우디._.(C.ModelGroup.A3._.Model.뉴 A3.))))"",""toggle"":{},""layer"":"""",""sort"":""ModifiedDate"",""page"":1,""limit"":20}"
Audi,New A4,1144,X,SMALL/COMPACT,2416,Germany,http://api.encar.com/search/car/list/premium?count=true&sr=|ModifiedDate|0|5&q=(And.Hidden.N._.(C.CarType.A._.(C.Manufacturer.아우디._.(C.ModelGroup.A4._.Model.뉴 A4.)))),"http://www.encar.com/fc/fc_carsearchlist.do?carType=for&searchType=model&TG.R=B#!{""action"":""(And.Hidden.N._.(C.CarType.A._.(C.Manufacturer.아우디._.(C.ModelGroup.A4._.Model.뉴 A4.))))"",""toggle"":{},""layer"":"""",""sort"":""ModifiedDate"",""page"":1,""limit"":20}"
Audi,NEW A6,2253,O,MIDDLE,3303,Germany,http://api.encar.com/search/car/list/premium?count=true&sr=|ModifiedDate|0|5&q=(And.Hidden.N._.(C.CarType.A._.(C.Manufacturer.아우디._.(C.ModelGroup.A6._.Model.뉴 A6.)))),"http://www.encar.com/fc/fc_carsearchlist.do?carType=for&searchType=model&TG.R=B#!{""action"":""(And.Hidden.N._.(C.CarType.A._.(C.Manufacturer.아우디._.(C.ModelGroup.A6._.Model.뉴 A6.))))"",""toggle"":{},""layer"":"""",""sort"":""ModifiedDate"",""page"":1,""limit"":20}"
Audi,NEW A8,617,X,BIG,8016,Germany,http://api.encar.com/search/car/list/premium?count=true&sr=|ModifiedDate|0|5&q=(And.Hidden.N._.(C.CarType.A._.(C.Manufacturer.아우디._.(C.ModelGroup.A8._.Model.뉴 A8.)))),"http://www.encar.com/fc/fc_carsearchlist.do?carType=for&searchType=model&TG.R=B#!{""action"":""(And.Hidden.N._.(C.CarType.A._.(C.Manufacturer.아우디._.(C.ModelGroup.A8._.Model.뉴 A8.))))"",""toggle"":{},""layer"":"""",""sort"":""ModifiedDate"",""page"":1,""limit"":20}"
Audi,Q5,564,X,SUV/RV,4117,Germany,http://api.encar.com/search/car/list/premium?count=true&sr=|ModifiedDate|0|5&q=(And.Hidden.N._.(C.CarType.A._.(C.Manufacturer.아우디._.ModelGroup.Q5.))),"http://www.encar.com/fc/fc_carsearchlist.do?carType=for&searchType=model&TG.R=B#!{""action"":""(And.Hidden.N._.(C.CarType.A._.(C.Manufacturer.아우디._.ModelGroup.Q5.)))"",""toggle"":{},""layer"":"""",""sort"":""ModifiedDate"",""page"":1,""limit"":20}"
BMW,1-Series (F20),707,X,SMALL/COMPACT,2198,Germany,http://api.encar.com/search/car/list/premium?count=true&sr=|ModifiedDate|0|5&q=(And.Hidden.N._.(C.CarType.A._.(C.Manufacturer.BMW._.(C.ModelGroup.1시리즈._.Model.1시리즈 (F20_).)))),"http://www.encar.com/fc/fc_carsearchlist.do?carType=for&searchType=model&TG.R=B#!{""action"":""(And.Hidden.N._.(C.CarType.A._.(C.Manufacturer.BMW._.(C.ModelGroup.1시리즈._.Model.1시리즈 (F20_).))))"",""toggle"":{},""layer"":"""",""sort"":""ModifiedDate"",""page"":1,""limit"":20}"
BMW,3-Series (F30),2318,O,SMALL/COMPACT,3296,Germany,http://api.encar.com/search/car/list/premium?count=true&sr=|ModifiedDate|0|5&q=(And.Hidden.N._.(C.CarType.A._.(C.Manufacturer.BMW._.(C.ModelGroup.3시리즈._.Model.3시리즈 (F30).)))),"http://www.encar.com/fc/fc_carsearchlist.do?carType=for&searchType=model&TG.R=B#!{""action"":""(And.Hidden.N._.(C.CarType.A._.(C.Manufacturer.BMW._.(C.ModelGroup.3시리즈._.Model.3시리즈 (F30).))))"",""toggle"":{},""layer"":"""",""sort"":""ModifiedDate"",""page"":1,""limit"":20}"
BMW,3-Series Gran Turismo (F34),687,X,SMALL/COMPACT,2950,Germany,http://api.encar.com/search/car/list/premium?count=true&sr=|ModifiedDate|0|5&q=(And.Hidden.N._.(C.CarType.A._.(C.Manufacturer.BMW._.(C.ModelGroup.3시리즈._.Model.3시리즈.)))),"http://www.encar.com/fc/fc_carsearchlist.do?carType=for&searchType=model&TG.R=B#!{""action"":""(And.Hidden.N._.(C.CarType.A._.(C.Manufacturer.BMW._.(C.ModelGroup.3시리즈._.Model.3시리즈.))))"",""toggle"":{},""layer"":"""",""sort"":""ModifiedDate"",""page"":1,""limit"":20}"
BMW,4-Series (F32),1124,X,SPORT,2929,Germany,http://api.encar.com/search/car/list/premium?count=true&sr=|ModifiedDate|0|5&q=(And.Hidden.N._.(C.CarType.A._.(C.Manufacturer.BMW._.(C.ModelGroup.그란투리스모 (GT_)._.Model.3시리즈 GT (F34_).)))),"http://www.encar.com/fc/fc_carsearchlist.do?carType=for&searchType=model&TG.R=B#!{""action"":""(And.Hidden.N._.(C.CarType.A._.(C.Manufacturer.BMW._.(C.ModelGroup.그란투리스모 (GT_)._.Model.3시리즈 GT (F34_).))))"",""toggle"":{},""layer"":"""",""sort"":""ModifiedDate"",""page"":1,""limit"":20}"
BMW,5 Series (G30),1568,X,MIDDLE,3654,Germany,http://api.encar.com/search/car/list/premium?count=true&sr=|ModifiedDate|0|5&q=(And.Hidden.N._.(C.CarType.A._.(C.Manufacturer.BMW._.(C.ModelGroup.5시리즈._.Model.5시리즈 (G30).)))),"http://www.encar.com/fc/fc_carsearchlist.do?carType=for&searchType=model&TG.R=B#!{""action"":""(And.Hidden.N._.(C.CarType.A._.(C.Manufacturer.BMW._.(C.ModelGroup.5시리즈._.Model.5시리즈 (G30).))))"",""toggle"":{},""layer"":"""",""sort"":""ModifiedDate"",""page"":1,""limit"":20}"
BMW,5-Series (F10),3228,O,MIDDLE,4828,Germany,http://api.encar.com/search/car/list/premium?count=true&sr=|ModifiedDate|0|5&q=(And.Hidden.N._.(C.CarType.A._.(C.Manufacturer.BMW._.(C.ModelGroup.5시리즈._.Model.5시리즈 (F10).)))),"http://www.encar.com/fc/fc_carsearchlist.do?carType=for&searchType=model&TG.R=B#!{""action"":""(And.Hidden.N._.(C.CarType.A._.(C.Manufacturer.BMW._.(C.ModelGroup.5시리즈._.Model.5시리즈 (F10).))))"",""toggle"":{},""layer"":"""",""sort"":""ModifiedDate"",""page"":1,""limit"":20}"
BMW,5-Series GT (F07),957,X,MIDDLE,4711,Germany,http://api.encar.com/search/car/list/premium?count=true&sr=|ModifiedDate|0|5&q=(And.Hidden.N._.(C.CarType.A._.(C.Manufacturer.BMW._.(C.ModelGroup.5시리즈._.Model.5시리즈 GT (F07_).)))),"http://www.encar.com/fc/fc_carsearchlist.do?carType=for&searchType=model&TG.R=B#!{""action"":""(And.Hidden.N._.(C.CarType.A._.(C.Manufacturer.BMW._.(C.ModelGroup.5시리즈._.Model.5시리즈 GT (F07_).))))"",""toggle"":{},""layer"":"""",""sort"":""ModifiedDate"",""page"":1,""limit"":20}"
BMW,6-Series (F12),693,X,SPORT,7309,Germany,http://api.encar.com/search/car/list/premium?count=true&sr=|ModifiedDate|0|5&q=(And.Hidden.N._.(C.CarType.A._.(C.Manufacturer.BMW._.(C.ModelGroup.6시리즈._.Model.6시리즈 (F12).)))),"http://www.encar.com/fc/fc_carsearchlist.do?carType=for&searchType=model&TG.R=B#!{""action"":""(And.Hidden.N._.(C.CarType.A._.(C.Manufacturer.BMW._.(C.ModelGroup.6시리즈._.Model.6시리즈 (F12).))))"",""toggle"":{},""layer"":"""",""sort"":""ModifiedDate"",""page"":1,""limit"":20}"
BMW,7-Series (F01),707,O,BIG,9362,Germany,http://api.encar.com/search/car/list/premium?count=true&sr=|ModifiedDate|0|5&q=(And.Hidden.N._.(C.CarType.A._.(C.Manufacturer.BMW._.(C.ModelGroup.7시리즈._.Model.7시리즈 (F01).)))),"http://www.encar.com/fc/fc_carsearchlist.do?carType=for&searchType=model&TG.R=B#!{""action"":""(And.Hidden.N._.(C.CarType.A._.(C.Manufacturer.BMW._.(C.ModelGroup.7시리즈._.Model.7시리즈 (F01).))))"",""toggle"":{},""layer"":"""",""sort"":""ModifiedDate"",""page"":1,""limit"":20}"
BMW,7-Series (G11),483,X,BIG,13651,Germany,http://api.encar.com/search/car/list/premium?count=true&sr=|ModifiedDate|0|5&q=(And.Hidden.N._.(C.CarType.A._.(C.Manufacturer.BMW._.(C.ModelGroup.7시리즈._.Model.7시리즈 (G11).)))),"http://www.encar.com/fc/fc_carsearchlist.do?carType=for&searchType=model&TG.R=B#!{""action"":""(And.Hidden.N._.(C.CarType.A._.(C.Manufacturer.BMW._.(C.ModelGroup.7시리즈._.Model.7시리즈 (G11).))))"",""toggle"":{},""layer"":"""",""sort"":""ModifiedDate"",""page"":1,""limit"":20}"
BMW,M3 (E90),511,X,SPORT,4462,Germany,http://api.encar.com/search/car/list/premium?count=true&sr=|ModifiedDate|0|5&q=(And.Hidden.N._.(C.CarType.A._.(C.Manufacturer.BMW._.(C.ModelGroup.M3._.Model.M3 (E90).)))),"http://www.encar.com/fc/fc_carsearchlist.do?carType=for&searchType=model&TG.R=B#!{""action"":""(And.Hidden.N._.(C.CarType.A._.(C.Manufacturer.BMW._.(C.ModelGroup.M3._.Model.M3 (E90).))))"",""toggle"":{},""layer"":"""",""sort"":""ModifiedDate"",""page"":1,""limit"":20}"
BMW,M3 (F80),493,X,SPORT,4493,Germany,http://api.encar.com/search/car/list/premium?count=true&sr=|ModifiedDate|0|5&q=(And.Hidden.N._.(C.CarType.A._.(C.Manufacturer.BMW._.(C.ModelGroup.M3._.Model.M3 (F80).)))),"http://www.encar.com/fc/fc_carsearchlist.do?carType=for&searchType=model&TG.R=B#!{""action"":""(And.Hidden.N._.(C.CarType.A._.(C.Manufacturer.BMW._.(C.ModelGroup.M3._.Model.M3 (F80).))))"",""toggle"":{},""layer"":"""",""sort"":""ModifiedDate"",""page"":1,""limit"":20}"
BMW,X3 (F25),840,X,SUV/RV,4610,Germany,http://api.encar.com/search/car/list/premium?count=true&sr=|ModifiedDate|0|5&q=(And.Hidden.N._.(C.CarType.A._.(C.Manufacturer.BMW._.(C.ModelGroup.X3._.Model.X3 (F25).)))),"http://www.encar.com/fc/fc_carsearchlist.do?carType=for&searchType=model&TG.R=B#!{""action"":""(And.Hidden.N._.(C.CarType.A._.(C.Manufacturer.BMW._.(C.ModelGroup.X3._.Model.X3 (F25).))))"",""toggle"":{},""layer"":"""",""sort"":""ModifiedDate"",""page"":1,""limit"":20}"
BMW,X4 (F26),396,X,SUV/RV,4405,Germany,http://api.encar.com/search/car/list/premium?count=true&sr=|ModifiedDate|0|5&q=(And.Hidden.N._.(C.CarType.A._.(C.Manufacturer.BMW._.(C.ModelGroup.X4._.Model.X4 (F26).)))),"http://www.encar.com/fc/fc_carsearchlist.do?carType=for&searchType=model&TG.R=B#!{""action"":""(And.Hidden.N._.(C.CarType.A._.(C.Manufacturer.BMW._.(C.ModelGroup.X4._.Model.X4 (F26).))))"",""toggle"":{},""layer"":"""",""sort"":""ModifiedDate"",""page"":1,""limit"":20}"
BMW,X5 (E70),640,X,SUV/RV,3658,Germany,http://api.encar.com/search/car/list/premium?count=true&sr=|ModifiedDate|0|5&q=(And.Hidden.N._.(C.CarType.A._.(C.Manufacturer.BMW._.(C.ModelGroup.X5._.Model.X5 (E70).)))),"http://www.encar.com/fc/fc_carsearchlist.do?carType=for&searchType=model&TG.R=B#!{""action"":""(And.Hidden.N._.(C.CarType.A._.(C.Manufacturer.BMW._.(C.ModelGroup.X5._.Model.X5 (E70).))))"",""toggle"":{},""layer"":"""",""sort"":""ModifiedDate"",""page"":1,""limit"":20}"
BMW,X5 (F15),1147,O,SUV/RV,6532,Germany,http://api.encar.com/search/car/list/premium?count=true&sr=|ModifiedDate|0|5&q=(And.Hidden.N._.(C.CarType.A._.(C.Manufacturer.BMW._.(C.ModelGroup.X5._.Model.X5 (F15).)))),"http://www.encar.com/fc/fc_carsearchlist.do?carType=for&searchType=model&TG.R=B#!{""action"":""(And.Hidden.N._.(C.CarType.A._.(C.Manufacturer.BMW._.(C.ModelGroup.X5._.Model.X5 (F15).))))"",""toggle"":{},""layer"":"""",""sort"":""ModifiedDate"",""page"":1,""limit"":20}"
BMW,X6 (E71),493,O,SUV/RV,5904,Germany,http://api.encar.com/search/car/list/premium?count=true&sr=|ModifiedDate|0|5&q=(And.Hidden.N._.(C.CarType.A._.(C.Manufacturer.BMW._.(C.ModelGroup.X6._.Model.X6 (E71).)))),"http://www.encar.com/fc/fc_carsearchlist.do?carType=for&searchType=model&TG.R=B#!{""action"":""(And.Hidden.N._.(C.CarType.A._.(C.Manufacturer.BMW._.(C.ModelGroup.X6._.Model.X6 (E71).))))"",""toggle"":{},""layer"":"""",""sort"":""ModifiedDate"",""page"":1,""limit"":20}"
BMW,X6 (F16),639,X,SUV/RV,6751,Germany,http://api.encar.com/search/car/list/premium?count=true&sr=|ModifiedDate|0|5&q=(And.Hidden.N._.(C.CarType.A._.(C.Manufacturer.BMW._.(C.ModelGroup.X6._.Model.X6 (F16).)))),"http://www.encar.com/fc/fc_carsearchlist.do?carType=for&searchType=model&TG.R=B#!{""action"":""(And.Hidden.N._.(C.CarType.A._.(C.Manufacturer.BMW._.(C.ModelGroup.X6._.Model.X6 (F16).))))"",""toggle"":{},""layer"":"""",""sort"":""ModifiedDate"",""page"":1,""limit"":20}"
BMW,Z4 (E89),544,X,SPORT,4103,Germany,http://api.encar.com/search/car/list/premium?count=true&sr=|ModifiedDate|0|5&q=(And.Hidden.N._.(C.CarType.A._.(C.Manufacturer.BMW._.(C.ModelGroup.Z4._.Model.Z4 (E89).)))),"http://www.encar.com/fc/fc_carsearchlist.do?carType=for&searchType=model&TG.R=B#!{""action"":""(And.Hidden.N._.(C.CarType.A._.(C.Manufacturer.BMW._.(C.ModelGroup.Z4._.Model.Z4 (E89).))))"",""toggle"":{},""layer"":"""",""sort"":""ModifiedDate"",""page"":1,""limit"":20}"
Cadillac,CTS 3rd,565,X,MIDDLE,3090,USA,http://api.encar.com/search/car/list/premium?count=true&sr=|ModifiedDate|0|5&q=(And.Hidden.N._.(C.CarType.A._.(C.Manufacturer.캐딜락._.(C.ModelGroup.CTS._.Model.CTS 3세대.)))),"http://www.encar.com/fc/fc_carsearchlist.do?carType=for&searchType=model&TG.R=B#!{""action"":""(And.Hidden.N._.(C.CarType.A._.(C.Manufacturer.캐딜락._.(C.ModelGroup.CTS._.Model.CTS 3세대.))))"",""toggle"":{},""layer"":"""",""sort"":""ModifiedDate"",""page"":1,""limit"":20}"
Chevrolet(GMDeawoo),All New Cruze,456,X,MIDDLE,1676,Korea,http://api.encar.com/search/car/list/premium?count=true&sr=|ModifiedDate|0|5&q=(And.Hidden.N._.(C.CarType.A._.(C.Manufacturer.쉐보레(GM대우_)._.(C.ModelGroup.크루즈._.Model.올 뉴 크루즈.)))),"http://www.encar.com/fc/fc_carsearchlist.do?carType=for&searchType=model&TG.R=B#!{""action"":""(And.Hidden.N._.(C.CarType.A._.(C.Manufacturer.쉐보레(GM대우_)._.(C.ModelGroup.크루즈._.Model.올 뉴 크루즈.))))"",""toggle"":{},""layer"":"""",""sort"":""ModifiedDate"",""page"":1,""limit"":20}"
Chevrolet(GMDeawoo),All New Mailbu,1156,O,MIDDLE,2398,Korea,http://api.encar.com/search/car/list/premium?count=true&sr=|ModifiedDate|0|5&q=(And.Hidden.N._.(C.CarType.A._.(C.Manufacturer.쉐보레(GM대우_)._.(C.ModelGroup.말리부._.Model.올 뉴 말리부.)))),"http://www.encar.com/fc/fc_carsearchlist.do?carType=for&searchType=model&TG.R=B#!{""action"":""(And.Hidden.N._.(C.CarType.A._.(C.Manufacturer.쉐보레(GM대우_)._.(C.ModelGroup.말리부._.Model.올 뉴 말리부.))))"",""toggle"":{},""layer"":"""",""sort"":""ModifiedDate"",""page"":1,""limit"":20}"
Chevrolet(GMDeawoo),Alpheon,428,O,BIG,1833,Korea,http://api.encar.com/search/car/list/premium?count=true&sr=|ModifiedDate|0|5&q=(And.Hidden.N._.(C.CarType.A._.(C.Manufacturer.쉐보레(GM대우_)._.(C.ModelGroup.알페온._.Model.알페온.)))),"http://www.encar.com/fc/fc_carsearchlist.do?carType=for&searchType=model&TG.R=B#!{""action"":""(And.Hidden.N._.(C.CarType.A._.(C.Manufacturer.쉐보레(GM대우_)._.(C.ModelGroup.알페온._.Model.알페온.))))"",""toggle"":{},""layer"":"""",""sort"":""ModifiedDate"",""page"":1,""limit"":20}"
Chevrolet(GMDeawoo),Amazing New Cruze,426,X,MIDDLE,1243,Korea,http://api.encar.com/search/car/list/premium?count=true&sr=|ModifiedDate|0|5&q=(And.Hidden.N._.(C.CarType.A._.(C.Manufacturer.쉐보레(GM대우_)._.(C.ModelGroup.크루즈._.Model.어메이징 뉴 크루즈.)))),"http://www.encar.com/fc/fc_carsearchlist.do?carType=for&searchType=model&TG.R=B#!{""action"":""(And.Hidden.N._.(C.CarType.A._.(C.Manufacturer.쉐보레(GM대우_)._.(C.ModelGroup.크루즈._.Model.어메이징 뉴 크루즈.))))"",""toggle"":{},""layer"":"""",""sort"":""ModifiedDate"",""page"":1,""limit"":20}"
Chevrolet(GMDeawoo),Captiva,516,X,SUV/RV,1611,Korea,http://api.encar.com/search/car/list/premium?count=true&sr=|ModifiedDate|0|5&q=(And.Hidden.N._.(C.CarType.A._.(C.Manufacturer.쉐보레(GM대우_)._.(C.ModelGroup.캡티바._.Model.캡티바.)))),"http://www.encar.com/fc/fc_carsearchlist.do?carType=for&searchType=model&TG.R=B#!{""action"":""(And.Hidden.N._.(C.CarType.A._.(C.Manufacturer.쉐보레(GM대우_)._.(C.ModelGroup.캡티바._.Model.캡티바.))))"",""toggle"":{},""layer"":"""",""sort"":""ModifiedDate"",""page"":1,""limit"":20}"
Chevrolet(GMDeawoo),Chevrolet Cruze,669,X,SMALL/COMPACT,1015,Korea,http://api.encar.com/search/car/list/premium?count=true&sr=|ModifiedDate|0|5&q=(And.Hidden.N._.(C.CarType.A._.(C.Manufacturer.쉐보레(GM대우_)._.(C.ModelGroup.크루즈._.Model.크루즈.)))),"http://www.encar.com/fc/fc_carsearchlist.do?carType=for&searchType=model&TG.R=B#!{""action"":""(And.Hidden.N._.(C.CarType.A._.(C.Manufacturer.쉐보레(GM대우_)._.(C.ModelGroup.크루즈._.Model.크루즈.))))"",""toggle"":{},""layer"":"""",""sort"":""ModifiedDate"",""page"":1,""limit"":20}"
Chevrolet(GMDeawoo),Chevrolet Orlando,737,X,SUV/RV,1290,Korea,http://api.encar.com/search/car/list/premium?count=true&sr=|ModifiedDate|0|5&q=(And.Hidden.N._.(C.CarType.A._.(C.Manufacturer.쉐보레(GM대우_)._.(C.ModelGroup.올란도._.Model.올란도.)))),"http://www.encar.com/fc/fc_carsearchlist.do?carType=for&searchType=model&TG.R=B#!{""action"":""(And.Hidden.N._.(C.CarType.A._.(C.Manufacturer.쉐보레(GM대우_)._.(C.ModelGroup.올란도._.Model.올란도.))))"",""toggle"":{},""layer"":"""",""sort"":""ModifiedDate"",""page"":1,""limit"":20}"
Chevrolet(GMDeawoo),Chevrolet Spark,980,X,SMALL/COMPACT,604,Korea,http://api.encar.com/search/car/list/premium?count=true&sr=|ModifiedDate|0|5&q=(And.Hidden.N._.(C.CarType.A._.(C.Manufacturer.쉐보레(GM대우_)._.(C.ModelGroup.스파크._.Model.스파크.)))),"http://www.encar.com/fc/fc_carsearchlist.do?carType=for&searchType=model&TG.R=B#!{""action"":""(And.Hidden.N._.(C.CarType.A._.(C.Manufacturer.쉐보레(GM대우_)._.(C.ModelGroup.스파크._.Model.스파크.))))"",""toggle"":{},""layer"":"""",""sort"":""ModifiedDate"",""page"":1,""limit"":20}"
Chevrolet(GMDeawoo),Lacetti Premiere,531,X,MIDDLE,425,Korea,http://api.encar.com/search/car/list/premium?count=true&sr=|ModifiedDate|0|5&q=(And.Hidden.N._.(C.CarType.A._.(C.Manufacturer.쉐보레(GM대우_)._.(C.ModelGroup.라세티._.Model.라세티 프리미어.)))),"http://www.encar.com/fc/fc_carsearchlist.do?carType=for&searchType=model&TG.R=B#!{""action"":""(And.Hidden.N._.(C.CarType.A._.(C.Manufacturer.쉐보레(GM대우_)._.(C.ModelGroup.라세티._.Model.라세티 프리미어.))))"",""toggle"":{},""layer"":"""",""sort"":""ModifiedDate"",""page"":1,""limit"":20}"
Chevrolet(GMDeawoo),Malibu,1011,X,MIDDLE,1373,Korea,http://api.encar.com/search/car/list/premium?count=true&sr=|ModifiedDate|0|5&q=(And.Hidden.N._.(C.CarType.A._.(C.Manufacturer.쉐보레(GM대우_)._.(C.ModelGroup.말리부._.Model.말리부.)))),"http://www.encar.com/fc/fc_carsearchlist.do?carType=for&searchType=model&TG.R=B#!{""action"":""(And.Hidden.N._.(C.CarType.A._.(C.Manufacturer.쉐보레(GM대우_)._.(C.ModelGroup.말리부._.Model.말리부.))))"",""toggle"":{},""layer"":"""",""sort"":""ModifiedDate"",""page"":1,""limit"":20}"
Chevrolet(GMDeawoo),The Next Spark,564,X,SMALL/COMPACT,1047,Korea,http://api.encar.com/search/car/list/premium?count=true&sr=|ModifiedDate|0|5&q=(And.Hidden.N._.(C.CarType.A._.(C.Manufacturer.쉐보레(GM대우_)._.(C.ModelGroup.스파크._.Model.더 넥스트 스파크.)))),"http://www.encar.com/fc/fc_carsearchlist.do?carType=for&searchType=model&TG.R=B#!{""action"":""(And.Hidden.N._.(C.CarType.A._.(C.Manufacturer.쉐보레(GM대우_)._.(C.ModelGroup.스파크._.Model.더 넥스트 스파크.))))"",""toggle"":{},""layer"":"""",""sort"":""ModifiedDate"",""page"":1,""limit"":20}"
Chevrolet(GMDeawoo),Trax,385,X,SUV/RV,1092,Korea,http://api.encar.com/search/car/list/premium?count=true&sr=|ModifiedDate|0|5&q=(And.Hidden.N._.(C.CarType.A._.(C.Manufacturer.쉐보레(GM대우_)._.(C.ModelGroup.트랙스._.Model.트랙스.)))),"http://www.encar.com/fc/fc_carsearchlist.do?carType=for&searchType=model&TG.R=B#!{""action"":""(And.Hidden.N._.(C.CarType.A._.(C.Manufacturer.쉐보레(GM대우_)._.(C.ModelGroup.트랙스._.Model.트랙스.))))"",""toggle"":{},""layer"":"""",""sort"":""ModifiedDate"",""page"":1,""limit"":20}"
Chevrolet(GMDeawoo),Winstorm,378,X,SUV/RV,692,Korea,http://api.encar.com/search/car/list/premium?count=true&sr=|ModifiedDate|0|5&q=(And.Hidden.N._.(C.CarType.A._.(C.Manufacturer.쉐보레(GM대우_)._.(C.ModelGroup.윈스톰._.Model.윈스톰 맥스.)))),"http://www.encar.com/fc/fc_carsearchlist.do?carType=for&searchType=model&TG.R=B#!{""action"":""(And.Hidden.N._.(C.CarType.A._.(C.Manufacturer.쉐보레(GM대우_)._.(C.ModelGroup.윈스톰._.Model.윈스톰 맥스.))))"",""toggle"":{},""layer"":"""",""sort"":""ModifiedDate"",""page"":1,""limit"":20}"
Ford,Explorer,896,X,SUV/RV,2630,USA,http://api.encar.com/search/car/list/premium?count=true&sr=|ModifiedDate|0|5&q=(And.Hidden.N._.(C.CarType.A._.(C.Manufacturer.포드._.(C.ModelGroup.익스플로러._.Model.익스플로러.)))),"http://www.encar.com/fc/fc_carsearchlist.do?carType=for&searchType=model&TG.R=B#!{""action"":""(And.Hidden.N._.(C.CarType.A._.(C.Manufacturer.포드._.(C.ModelGroup.익스플로러._.Model.익스플로러.))))"",""toggle"":{},""layer"":"""",""sort"":""ModifiedDate"",""page"":1,""limit"":20}"
Ford,Mustang,477,X,SPORT,2676,USA,http://api.encar.com/search/car/list/premium?count=true&sr=|ModifiedDate|0|5&q=(And.Hidden.N._.(C.CarType.A._.(C.Manufacturer.포드._.(C.ModelGroup.머스탱._.Model.머스탱.)))),"http://www.encar.com/fc/fc_carsearchlist.do?carType=for&searchType=model&TG.R=B#!{""action"":""(And.Hidden.N._.(C.CarType.A._.(C.Manufacturer.포드._.(C.ModelGroup.머스탱._.Model.머스탱.))))"",""toggle"":{},""layer"":"""",""sort"":""ModifiedDate"",""page"":1,""limit"":20}"
Genesis,EQ900,410,X,BIG,7990,Korea,http://api.encar.com/search/car/list/premium?count=true&sr=|ModifiedDate|0|5&q=(And.Hidden.N._.(C.CarType.A._.(C.Manufacturer.제네시스._.(C.ModelGroup.EQ900._.Model.EQ900.)))),"http://www.encar.com/fc/fc_carsearchlist.do?carType=for&searchType=model&TG.R=B#!{""action"":""(And.Hidden.N._.(C.CarType.A._.(C.Manufacturer.제네시스._.(C.ModelGroup.EQ900._.Model.EQ900.))))"",""toggle"":{},""layer"":"""",""sort"":""ModifiedDate"",""page"":1,""limit"":20}"
Genesis,G80,1319,X,BIG,5345,Korea,http://api.encar.com/search/car/list/premium?count=true&sr=|ModifiedDate|0|5&q=(And.Hidden.N._.(C.CarType.A._.(C.Manufacturer.제네시스._.(C.ModelGroup.G80._.Model.G80.)))),"http://www.encar.com/fc/fc_carsearchlist.do?carType=for&searchType=model&TG.R=B#!{""action"":""(And.Hidden.N._.(C.CarType.A._.(C.Manufacturer.제네시스._.(C.ModelGroup.G80._.Model.G80.))))"",""toggle"":{},""layer"":"""",""sort"":""ModifiedDate"",""page"":1,""limit"":20}"
Honda,All New Accord,744,O,MIDDLE,1778,Japan,http://api.encar.com/search/car/list/premium?count=true&sr=|ModifiedDate|0|5&q=(And.Hidden.N._.(C.CarType.A._.(C.Manufacturer.혼다._.(C.ModelGroup.어코드._.Model.올뉴어코드.)))),"http://www.encar.com/fc/fc_carsearchlist.do?carType=for&searchType=model&TG.R=B#!{""action"":""(And.Hidden.N._.(C.CarType.A._.(C.Manufacturer.혼다._.(C.ModelGroup.어코드._.Model.올뉴어코드.))))"",""toggle"":{},""layer"":"""",""sort"":""ModifiedDate"",""page"":1,""limit"":20}"
Hyundai,Accent(New),483,X,SMALL/COMPACT,885,Korea,http://api.encar.com/search/car/list/premium?count=true&sr=|ModifiedDate|0|5&q=(And.Hidden.N._.(C.CarType.Y._.(C.Manufacturer.현대._.(C.ModelGroup.엑센트._.Model.뉴 엑센트.)))),"http://www.encar.com/fc/fc_carsearchlist.do?carType=for&searchType=model&TG.R=B#!{""action"":""(And.Hidden.N._.(C.CarType.Y._.(C.Manufacturer.현대._.(C.ModelGroup.엑센트._.Model.뉴 엑센트.))))"",""toggle"":{},""layer"":"""",""sort"":""ModifiedDate"",""page"":1,""limit"":20}"
Hyundai,All New Tucson,882,X,SUV/RV,2229,Korea,http://api.encar.com/search/car/list/premium?count=true&sr=|ModifiedDate|0|5&q=(And.Hidden.N._.(C.CarType.Y._.(C.Manufacturer.현대._.(C.ModelGroup.투싼._.Model.올 뉴 투싼.)))),"http://www.encar.com/fc/fc_carsearchlist.do?carType=for&searchType=model&TG.R=B#!{""action"":""(And.Hidden.N._.(C.CarType.Y._.(C.Manufacturer.현대._.(C.ModelGroup.투싼._.Model.올 뉴 투싼.))))"",""toggle"":{},""layer"":"""",""sort"":""ModifiedDate"",""page"":1,""limit"":20}"
Hyundai,Aslan,373,X,BIG,2141,Korea,http://api.encar.com/search/car/list/premium?count=true&sr=|ModifiedDate|0|5&q=(And.Hidden.N._.(C.CarType.Y._.(C.Manufacturer.현대._.(C.ModelGroup.아슬란._.Model.아슬란.)))),"http://www.encar.com/fc/fc_carsearchlist.do?carType=for&searchType=model&TG.R=B#!{""action"":""(And.Hidden.N._.(C.CarType.Y._.(C.Manufacturer.현대._.(C.ModelGroup.아슬란._.Model.아슬란.))))"",""toggle"":{},""layer"":"""",""sort"":""ModifiedDate"",""page"":1,""limit"":20}"
Hyundai,AVANTE AD,1800,X,MIDDLE,1735,Korea,http://api.encar.com/search/car/list/premium?count=true&sr=|ModifiedDate|0|5&q=(And.Hidden.N._.(C.CarType.Y._.(C.Manufacturer.현대._.(C.ModelGroup.아반떼._.Model.아반떼 AD.)))),"http://www.encar.com/fc/fc_carsearchlist.do?carType=for&searchType=model&TG.R=B#!{""action"":""(And.Hidden.N._.(C.CarType.Y._.(C.Manufacturer.현대._.(C.ModelGroup.아반떼._.Model.아반떼 AD.))))"",""toggle"":{},""layer"":"""",""sort"":""ModifiedDate"",""page"":1,""limit"":20}"
Hyundai,Avante HD,540,X,MIDDLE,462,Korea,http://api.encar.com/search/car/list/premium?count=true&sr=|ModifiedDate|0|5&q=(And.Hidden.N._.(C.CarType.Y._.(C.Manufacturer.현대._.(C.ModelGroup.아반떼._.Model.아반떼 HD.)))),"http://www.encar.com/fc/fc_carsearchlist.do?carType=for&searchType=model&TG.R=B#!{""action"":""(And.Hidden.N._.(C.CarType.Y._.(C.Manufacturer.현대._.(C.ModelGroup.아반떼._.Model.아반떼 HD.))))"",""toggle"":{},""layer"":"""",""sort"":""ModifiedDate"",""page"":1,""limit"":20}"
Hyundai,Avante MD,986,X,MIDDLE,727,Korea,http://api.encar.com/search/car/list/premium?count=true&sr=|ModifiedDate|0|5&q=(And.Hidden.N._.(C.CarType.Y._.(C.Manufacturer.현대._.(C.ModelGroup.아반떼._.Model.아반떼 MD.)))),"http://www.encar.com/fc/fc_carsearchlist.do?carType=for&searchType=model&TG.R=B#!{""action"":""(And.Hidden.N._.(C.CarType.Y._.(C.Manufacturer.현대._.(C.ModelGroup.아반떼._.Model.아반떼 MD.))))"",""toggle"":{},""layer"":"""",""sort"":""ModifiedDate"",""page"":1,""limit"":20}"
Hyundai,Equus,472,X,BIG,4315,Korea,http://api.encar.com/search/car/list/premium?count=true&sr=|ModifiedDate|0|5&q=(And.Hidden.N._.(C.CarType.Y._.(C.Manufacturer.현대._.(C.ModelGroup.에쿠스._.Model.에쿠스.)))),"http://www.encar.com/fc/fc_carsearchlist.do?carType=for&searchType=model&TG.R=B#!{""action"":""(And.Hidden.N._.(C.CarType.Y._.(C.Manufacturer.현대._.(C.ModelGroup.에쿠스._.Model.에쿠스.))))"",""toggle"":{},""layer"":"""",""sort"":""ModifiedDate"",""page"":1,""limit"":20}"
Hyundai,Equus(New),853,X,BIG,4354,Korea,http://api.encar.com/search/car/list/premium?count=true&sr=|ModifiedDate|0|5&q=(And.Hidden.N._.(C.CarType.Y._.(C.Manufacturer.현대._.(C.ModelGroup.에쿠스._.Model.에쿠스(신형_).)))),"http://www.encar.com/fc/fc_carsearchlist.do?carType=for&searchType=model&TG.R=B#!{""action"":""(And.Hidden.N._.(C.CarType.Y._.(C.Manufacturer.현대._.(C.ModelGroup.에쿠스._.Model.에쿠스(신형_).))))"",""toggle"":{},""layer"":"""",""sort"":""ModifiedDate"",""page"":1,""limit"":20}"
Hyundai,GENESIS,1313,X,BIG,2249,Korea,http://api.encar.com/search/car/list/premium?count=true&sr=|ModifiedDate|0|5&q=(And.Hidden.N._.(C.CarType.Y._.(C.Manufacturer.현대._.(C.ModelGroup.제네시스._.Model.제네시스.)))),"http://www.encar.com/fc/fc_carsearchlist.do?carType=for&searchType=model&TG.R=B#!{""action"":""(And.Hidden.N._.(C.CarType.Y._.(C.Manufacturer.현대._.(C.ModelGroup.제네시스._.Model.제네시스.))))"",""toggle"":{},""layer"":"""",""sort"":""ModifiedDate"",""page"":1,""limit"":20}"
Hyundai,GENESIS Coupe,550,X,SPORT,866,Korea,http://api.encar.com/search/car/list/premium?count=true&sr=|ModifiedDate|0|5&q=(And.Hidden.N._.(C.CarType.Y._.(C.Manufacturer.현대._.(C.ModelGroup.제네시스._.Model.제네시스 쿠페.)))),"http://www.encar.com/fc/fc_carsearchlist.do?carType=for&searchType=model&TG.R=B#!{""action"":""(And.Hidden.N._.(C.CarType.Y._.(C.Manufacturer.현대._.(C.ModelGroup.제네시스._.Model.제네시스 쿠페.))))"",""toggle"":{},""layer"":"""",""sort"":""ModifiedDate"",""page"":1,""limit"":20}"
Hyundai,Genesis DH,1785,X,BIG,3375,Korea,http://api.encar.com/search/car/list/premium?count=true&sr=|ModifiedDate|0|5&q=(And.Hidden.N._.(C.CarType.Y._.(C.Manufacturer.현대._.(C.ModelGroup.제네시스._.Model.제네시스 DH.)))),"http://www.encar.com/fc/fc_carsearchlist.do?carType=for&searchType=model&TG.R=B#!{""action"":""(And.Hidden.N._.(C.CarType.Y._.(C.Manufacturer.현대._.(C.ModelGroup.제네시스._.Model.제네시스 DH.))))"",""toggle"":{},""layer"":"""",""sort"":""ModifiedDate"",""page"":1,""limit"":20}"
Hyundai,Grand Starex,1003,X,BIG,2548,Korea,http://api.encar.com/search/car/list/premium?count=true&sr=|ModifiedDate|0|5&q=(And.Hidden.N._.(C.CarType.Y._.(C.Manufacturer.현대._.(C.ModelGroup.스타렉스._.Model.그랜드 스타렉스.)))),"http://www.encar.com/fc/fc_carsearchlist.do?carType=for&searchType=model&TG.R=B#!{""action"":""(And.Hidden.N._.(C.CarType.Y._.(C.Manufacturer.현대._.(C.ModelGroup.스타렉스._.Model.그랜드 스타렉스.))))"",""toggle"":{},""layer"":"""",""sort"":""ModifiedDate"",""page"":1,""limit"":20}"
Hyundai,Grandeur HG,2807,X,BIG,1984,Korea,http://api.encar.com/search/car/list/premium?count=true&sr=|ModifiedDate|0|5&q=(And.Hidden.N._.(C.CarType.A._.(C.Manufacturer.현대._.(C.ModelGroup.그랜저._.Model.그랜저 HG.)))),"http://www.encar.com/fc/fc_carsearchlist.do?carType=for&searchType=model&TG.R=B#!{""action"":""(And.Hidden.N._.(C.CarType.A._.(C.Manufacturer.현대._.(C.ModelGroup.그랜저._.Model.그랜저 HG.))))"",""toggle"":{},""layer"":"""",""sort"":""ModifiedDate"",""page"":1,""limit"":20}"
Hyundai,Grandeur HG Hybrid,550,O,BIG,1996,Korea,http://api.encar.com/search/car/list/premium?count=true&sr=|ModifiedDate|0|5&q=(And.Hidden.N._.(C.CarType.A._.(C.Manufacturer.현대._.(C.ModelGroup.그랜저._.Model.그랜저 HG 하이브리드.)))),"http://www.encar.com/fc/fc_carsearchlist.do?carType=for&searchType=model&TG.R=B#!{""action"":""(And.Hidden.N._.(C.CarType.A._.(C.Manufacturer.현대._.(C.ModelGroup.그랜저._.Model.그랜저 HG 하이브리드.))))"",""toggle"":{},""layer"":"""",""sort"":""ModifiedDate"",""page"":1,""limit"":20}"
Hyundai,Grandeur IG,1715,X,BIG,3061,Korea,http://api.encar.com/search/car/list/premium?count=true&sr=|ModifiedDate|0|5&q=(And.Hidden.N._.(C.CarType.A._.(C.Manufacturer.현대._.(C.ModelGroup.그랜저._.Model.그랜저 IG.)))),"http://www.encar.com/fc/fc_carsearchlist.do?carType=for&searchType=model&TG.R=B#!{""action"":""(And.Hidden.N._.(C.CarType.A._.(C.Manufacturer.현대._.(C.ModelGroup.그랜저._.Model.그랜저 IG.))))"",""toggle"":{},""layer"":"""",""sort"":""ModifiedDate"",""page"":1,""limit"":20}"
Hyundai,Grandeur IG Hybird,391,O,BIG,3610,Korea,http://api.encar.com/search/car/list/premium?count=true&sr=|ModifiedDate|0|5&q=(And.Hidden.N._.(C.CarType.A._.(C.Manufacturer.현대._.(C.ModelGroup.그랜저._.Model.그랜저 IG 하이브리드.)))),"http://www.encar.com/fc/fc_carsearchlist.do?carType=for&searchType=model&TG.R=B#!{""action"":""(And.Hidden.N._.(C.CarType.A._.(C.Manufacturer.현대._.(C.ModelGroup.그랜저._.Model.그랜저 IG 하이브리드.))))"",""toggle"":{},""layer"":"""",""sort"":""ModifiedDate"",""page"":1,""limit"":20}"
Hyundai,Grandeur New Luxury,504,X,BIG,535,Korea,http://api.encar.com/search/car/list/premium?count=true&sr=|ModifiedDate|0|5&q=(And.Hidden.N._.(C.CarType.A._.(C.Manufacturer.현대._.(C.ModelGroup.그랜저._.Model.그랜저 뉴 럭셔리.)))),"http://www.encar.com/fc/fc_carsearchlist.do?carType=for&searchType=model&TG.R=B#!{""action"":""(And.Hidden.N._.(C.CarType.A._.(C.Manufacturer.현대._.(C.ModelGroup.그랜저._.Model.그랜저 뉴 럭셔리.))))"",""toggle"":{},""layer"":"""",""sort"":""ModifiedDate"",""page"":1,""limit"":20}"
Hyundai,Grandeur TG,780,X,BIG,421,Korea,http://api.encar.com/search/car/list/premium?count=true&sr=|ModifiedDate|0|5&q=(And.Hidden.N._.(C.CarType.A._.(C.Manufacturer.현대._.(C.ModelGroup.그랜저._.Model.그랜저 TG.)))),"http://www.encar.com/fc/fc_carsearchlist.do?carType=for&searchType=model&TG.R=B#!{""action"":""(And.Hidden.N._.(C.CarType.A._.(C.Manufacturer.현대._.(C.ModelGroup.그랜저._.Model.그랜저 TG.))))"",""toggle"":{},""layer"":"""",""sort"":""ModifiedDate"",""page"":1,""limit"":20}"
Hyundai,i30,458,X,MIDDLE,541,Korea,http://api.encar.com/search/car/list/premium?count=true&sr=|ModifiedDate|0|5&q=(And.Hidden.N._.(C.CarType.Y._.(C.Manufacturer.현대._.(C.ModelGroup.i30._.Model.i30.)))),"http://www.encar.com/fc/fc_carsearchlist.do?carType=for&searchType=model&TG.R=B#!{""action"":""(And.Hidden.N._.(C.CarType.Y._.(C.Manufacturer.현대._.(C.ModelGroup.i30._.Model.i30.))))"",""toggle"":{},""layer"":"""",""sort"":""ModifiedDate"",""page"":1,""limit"":20}"
Hyundai,i30 (PD),607,X,MIDDLE,1845,Korea,http://api.encar.com/search/car/list/premium?count=true&sr=|ModifiedDate|0|5&q=(And.Hidden.N._.(C.CarType.Y._.(C.Manufacturer.현대._.(C.ModelGroup.i30._.Model.i30 (PD_).)))),"http://www.encar.com/fc/fc_carsearchlist.do?carType=for&searchType=model&TG.R=B#!{""action"":""(And.Hidden.N._.(C.CarType.Y._.(C.Manufacturer.현대._.(C.ModelGroup.i30._.Model.i30 (PD_).))))"",""toggle"":{},""layer"":"""",""sort"":""ModifiedDate"",""page"":1,""limit"":20}"
Hyundai,i30(New),569,X,SMALL/COMPACT,1134,Korea,http://api.encar.com/search/car/list/premium?count=true&sr=|ModifiedDate|0|5&q=(And.Hidden.N._.(C.CarType.Y._.(C.Manufacturer.현대._.(C.ModelGroup.i30._.Model.i30(신형_).)))),"http://www.encar.com/fc/fc_carsearchlist.do?carType=for&searchType=model&TG.R=B#!{""action"":""(And.Hidden.N._.(C.CarType.Y._.(C.Manufacturer.현대._.(C.ModelGroup.i30._.Model.i30(신형_).))))"",""toggle"":{},""layer"":"""",""sort"":""ModifiedDate"",""page"":1,""limit"":20}"
Hyundai,i40,536,X,MIDDLE,1624,Korea,http://api.encar.com/search/car/list/premium?count=true&sr=|ModifiedDate|0|5&q=(And.Hidden.N._.(C.CarType.Y._.(C.Manufacturer.현대._.(C.ModelGroup.i40._.Model.i40.)))),"http://www.encar.com/fc/fc_carsearchlist.do?carType=for&searchType=model&TG.R=B#!{""action"":""(And.Hidden.N._.(C.CarType.Y._.(C.Manufacturer.현대._.(C.ModelGroup.i40._.Model.i40.))))"",""toggle"":{},""layer"":"""",""sort"":""ModifiedDate"",""page"":1,""limit"":20}"
Hyundai,LF Sonata,1458,X,MIDDLE,1568,Korea,http://api.encar.com/search/car/list/premium?count=true&sr=|ModifiedDate|0|5&q=(And.Hidden.N._.(C.CarType.Y._.(C.Manufacturer.현대._.(C.ModelGroup.쏘나타._.Model.LF 쏘나타.)))),"http://www.encar.com/fc/fc_carsearchlist.do?carType=for&searchType=model&TG.R=B#!{""action"":""(And.Hidden.N._.(C.CarType.Y._.(C.Manufacturer.현대._.(C.ModelGroup.쏘나타._.Model.LF 쏘나타.))))"",""toggle"":{},""layer"":"""",""sort"":""ModifiedDate"",""page"":1,""limit"":20}"
Hyundai,LF Sonata Hybrid,612,O,MIDDLE,1858,Korea,http://api.encar.com/search/car/list/premium?count=true&sr=|ModifiedDate|0|5&q=(And.Hidden.N._.(C.CarType.Y._.(C.Manufacturer.현대._.(C.ModelGroup.쏘나타._.Model.LF 쏘나타 하이브리드.)))),"http://www.encar.com/fc/fc_carsearchlist.do?carType=for&searchType=model&TG.R=B#!{""action"":""(And.Hidden.N._.(C.CarType.Y._.(C.Manufacturer.현대._.(C.ModelGroup.쏘나타._.Model.LF 쏘나타 하이브리드.))))"",""toggle"":{},""layer"":"""",""sort"":""ModifiedDate"",""page"":1,""limit"":20}"
Hyundai,Maxcruz,434,X,SUV/RV,2338,Korea,http://api.encar.com/search/car/list/premium?count=true&sr=|ModifiedDate|0|5&q=(And.Hidden.N._.(C.CarType.Y._.(C.Manufacturer.현대._.(C.ModelGroup.맥스크루즈._.Model.맥스크루즈.)))),"http://www.encar.com/fc/fc_carsearchlist.do?carType=for&searchType=model&TG.R=B#!{""action"":""(And.Hidden.N._.(C.CarType.Y._.(C.Manufacturer.현대._.(C.ModelGroup.맥스크루즈._.Model.맥스크루즈.))))"",""toggle"":{},""layer"":"""",""sort"":""ModifiedDate"",""page"":1,""limit"":20}"
Hyundai,New Grandeur XG,385,X,BIG,212,Korea,http://api.encar.com/search/car/list/premium?count=true&sr=|ModifiedDate|0|5&q=(And.Hidden.N._.(C.CarType.A._.(C.Manufacturer.현대._.(C.ModelGroup.그랜저._.Model.뉴 그랜저 XG.)))),"http://www.encar.com/fc/fc_carsearchlist.do?carType=for&searchType=model&TG.R=B#!{""action"":""(And.Hidden.N._.(C.CarType.A._.(C.Manufacturer.현대._.(C.ModelGroup.그랜저._.Model.뉴 그랜저 XG.))))"",""toggle"":{},""layer"":"""",""sort"":""ModifiedDate"",""page"":1,""limit"":20}"
Hyundai,New Tucson ix,440,X,SUV/RV,1600,Korea,http://api.encar.com/search/car/list/premium?count=true&sr=|ModifiedDate|0|5&q=(And.Hidden.N._.(C.CarType.Y._.(C.Manufacturer.현대._.(C.ModelGroup.투싼._.Model.뉴 투싼 ix.)))),"http://www.encar.com/fc/fc_carsearchlist.do?carType=for&searchType=model&TG.R=B#!{""action"":""(And.Hidden.N._.(C.CarType.Y._.(C.Manufacturer.현대._.(C.ModelGroup.투싼._.Model.뉴 투싼 ix.))))"",""toggle"":{},""layer"":"""",""sort"":""ModifiedDate"",""page"":1,""limit"":20}"
Hyundai,NF Sonata,427,X,MIDDLE,421,Korea,http://api.encar.com/search/car/list/premium?count=true&sr=|ModifiedDate|0|5&q=(And.Hidden.N._.(C.CarType.Y._.(C.Manufacturer.현대._.(C.ModelGroup.쏘나타._.Model.NF 쏘나타.)))),"http://www.encar.com/fc/fc_carsearchlist.do?carType=for&searchType=model&TG.R=B#!{""action"":""(And.Hidden.N._.(C.CarType.Y._.(C.Manufacturer.현대._.(C.ModelGroup.쏘나타._.Model.NF 쏘나타.))))"",""toggle"":{},""layer"":"""",""sort"":""ModifiedDate"",""page"":1,""limit"":20}"
Hyundai,NF Sonata transform,614,X,MIDDLE,502,Korea,http://api.encar.com/search/car/list/premium?count=true&sr=|ModifiedDate|0|5&q=(And.Hidden.N._.(C.CarType.Y._.(C.Manufacturer.현대._.(C.ModelGroup.쏘나타._.Model.NF 쏘나타 트랜스폼.)))),"http://www.encar.com/fc/fc_carsearchlist.do?carType=for&searchType=model&TG.R=B#!{""action"":""(And.Hidden.N._.(C.CarType.Y._.(C.Manufacturer.현대._.(C.ModelGroup.쏘나타._.Model.NF 쏘나타 트랜스폼.))))"",""toggle"":{},""layer"":"""",""sort"":""ModifiedDate"",""page"":1,""limit"":20}"
Hyundai,Santa Fe CM,867,X,SUV/RV,1254,Korea,http://api.encar.com/search/car/list/premium?count=true&sr=|ModifiedDate|0|5&q=(And.Hidden.N._.(C.CarType.Y._.(C.Manufacturer.현대._.(C.ModelGroup.싼타페._.Model.싼타페 CM.)))),"http://www.encar.com/fc/fc_carsearchlist.do?carType=for&searchType=model&TG.R=B#!{""action"":""(And.Hidden.N._.(C.CarType.Y._.(C.Manufacturer.현대._.(C.ModelGroup.싼타페._.Model.싼타페 CM.))))"",""toggle"":{},""layer"":"""",""sort"":""ModifiedDate"",""page"":1,""limit"":20}"
Hyundai,Santa Fe DM,1207,X,SUV/RV,2021,Korea,http://api.encar.com/search/car/list/premium?count=true&sr=|ModifiedDate|0|5&q=(And.Hidden.N._.(C.CarType.Y._.(C.Manufacturer.현대._.(C.ModelGroup.싼타페._.Model.싼타페 DM.)))),"http://www.encar.com/fc/fc_carsearchlist.do?carType=for&searchType=model&TG.R=B#!{""action"":""(And.Hidden.N._.(C.CarType.Y._.(C.Manufacturer.현대._.(C.ModelGroup.싼타페._.Model.싼타페 DM.))))"",""toggle"":{},""layer"":"""",""sort"":""ModifiedDate"",""page"":1,""limit"":20}"
Hyundai,Santafe the Prime,929,X,SUV/RV,2861,Korea,http://api.encar.com/search/car/list/premium?count=true&sr=|ModifiedDate|0|5&q=(And.Hidden.N._.(C.CarType.Y._.(C.Manufacturer.현대._.(C.ModelGroup.싼타페._.Model.싼타페 더 프라임.)))),"http://www.encar.com/fc/fc_carsearchlist.do?carType=for&searchType=model&TG.R=B#!{""action"":""(And.Hidden.N._.(C.CarType.Y._.(C.Manufacturer.현대._.(C.ModelGroup.싼타페._.Model.싼타페 더 프라임.))))"",""toggle"":{},""layer"":"""",""sort"":""ModifiedDate"",""page"":1,""limit"":20}"
Hyundai,Sonata New Rise,617,O,MIDDLE,2367,Korea,http://api.encar.com/search/car/list/premium?count=true&sr=|ModifiedDate|0|5&q=(And.Hidden.N._.(C.CarType.Y._.(C.Manufacturer.현대._.(C.ModelGroup.쏘나타._.Model.쏘나타 뉴 라이즈.)))),"http://www.encar.com/fc/fc_carsearchlist.do?carType=for&searchType=model&TG.R=B#!{""action"":""(And.Hidden.N._.(C.CarType.Y._.(C.Manufacturer.현대._.(C.ModelGroup.쏘나타._.Model.쏘나타 뉴 라이즈.))))"",""toggle"":{},""layer"":"""",""sort"":""ModifiedDate"",""page"":1,""limit"":20}"
Hyundai,Sonata the Brilliant,555,X,MIDDLE,1369,Korea,http://api.encar.com/search/car/list/premium?count=true&sr=|ModifiedDate|0|5&q=(And.Hidden.N._.(C.CarType.Y._.(C.Manufacturer.현대._.(C.ModelGroup.쏘나타._.Model.쏘나타 더 브릴리언트.)))),"http://www.encar.com/fc/fc_carsearchlist.do?carType=for&searchType=model&TG.R=B#!{""action"":""(And.Hidden.N._.(C.CarType.Y._.(C.Manufacturer.현대._.(C.ModelGroup.쏘나타._.Model.쏘나타 더 브릴리언트.))))"",""toggle"":{},""layer"":"""",""sort"":""ModifiedDate"",""page"":1,""limit"":20}"
Hyundai,The Luxury Grandeur,684,X,BIG,801,Korea,http://api.encar.com/search/car/list/premium?count=true&sr=|ModifiedDate|0|5&q=(And.Hidden.N._.(C.CarType.A._.(C.Manufacturer.현대._.(C.ModelGroup.그랜저._.Model.더 럭셔리 그랜저.)))),"http://www.encar.com/fc/fc_carsearchlist.do?carType=for&searchType=model&TG.R=B#!{""action"":""(And.Hidden.N._.(C.CarType.A._.(C.Manufacturer.현대._.(C.ModelGroup.그랜저._.Model.더 럭셔리 그랜저.))))"",""toggle"":{},""layer"":"""",""sort"":""ModifiedDate"",""page"":1,""limit"":20}"
Hyundai,The New Avante,716,X,MIDDLE,1095,Korea,http://api.encar.com/search/car/list/premium?count=true&sr=|ModifiedDate|0|5&q=(And.Hidden.N._.(C.CarType.Y._.(C.Manufacturer.현대._.(C.ModelGroup.아반떼._.Model.더 뉴 아반떼.)))),"http://www.encar.com/fc/fc_carsearchlist.do?carType=for&searchType=model&TG.R=B#!{""action"":""(And.Hidden.N._.(C.CarType.Y._.(C.Manufacturer.현대._.(C.ModelGroup.아반떼._.Model.더 뉴 아반떼.))))"",""toggle"":{},""layer"":"""",""sort"":""ModifiedDate"",""page"":1,""limit"":20}"
Hyundai,The New GENESIS Coupe,532,X,SPORT,1923,Korea,http://api.encar.com/search/car/list/premium?count=true&sr=|ModifiedDate|0|5&q=(And.Hidden.N._.(C.CarType.Y._.(C.Manufacturer.현대._.(C.ModelGroup.제네시스._.Model.더 뉴 제네시스 쿠페.)))),"http://www.encar.com/fc/fc_carsearchlist.do?carType=for&searchType=model&TG.R=B#!{""action"":""(And.Hidden.N._.(C.CarType.Y._.(C.Manufacturer.현대._.(C.ModelGroup.제네시스._.Model.더 뉴 제네시스 쿠페.))))"",""toggle"":{},""layer"":"""",""sort"":""ModifiedDate"",""page"":1,""limit"":20}"
Hyundai,The New Maxcruz,566,X,SUV/RV,3121,Korea,http://api.encar.com/search/car/list/premium?count=true&sr=|ModifiedDate|0|5&q=(And.Hidden.N._.(C.CarType.Y._.(C.Manufacturer.현대._.(C.ModelGroup.맥스크루즈._.Model.더 뉴 맥스크루즈.)))),"http://www.encar.com/fc/fc_carsearchlist.do?carType=for&searchType=model&TG.R=B#!{""action"":""(And.Hidden.N._.(C.CarType.Y._.(C.Manufacturer.현대._.(C.ModelGroup.맥스크루즈._.Model.더 뉴 맥스크루즈.))))"",""toggle"":{},""layer"":"""",""sort"":""ModifiedDate"",""page"":1,""limit"":20}"
Hyundai,Tucson ix,464,X,SUV/RV,1583,Korea,http://api.encar.com/search/car/list/premium?count=true&sr=|ModifiedDate|0|5&q=(And.Hidden.N._.(C.CarType.Y._.(C.Manufacturer.현대._.(C.ModelGroup.투싼._.Model.투싼 ix.)))),"http://www.encar.com/fc/fc_carsearchlist.do?carType=for&searchType=model&TG.R=B#!{""action"":""(And.Hidden.N._.(C.CarType.Y._.(C.Manufacturer.현대._.(C.ModelGroup.투싼._.Model.투싼 ix.))))"",""toggle"":{},""layer"":"""",""sort"":""ModifiedDate"",""page"":1,""limit"":20}"
Hyundai,Veracruz,822,X,SUV/RV,2371,Korea,http://api.encar.com/search/car/list/premium?count=true&sr=|ModifiedDate|0|5&q=(And.Hidden.N._.(C.CarType.Y._.(C.Manufacturer.현대._.(C.ModelGroup.베라크루즈._.Model.베라크루즈.)))),"http://www.encar.com/fc/fc_carsearchlist.do?carType=for&searchType=model&TG.R=B#!{""action"":""(And.Hidden.N._.(C.CarType.Y._.(C.Manufacturer.현대._.(C.ModelGroup.베라크루즈._.Model.베라크루즈.))))"",""toggle"":{},""layer"":"""",""sort"":""ModifiedDate"",""page"":1,""limit"":20}"
Hyundai,YF Sonata,1007,X,MIDDLE,870,Korea,http://api.encar.com/search/car/list/premium?count=true&sr=|ModifiedDate|0|5&q=(And.Hidden.N._.(C.CarType.Y._.(C.Manufacturer.현대._.(C.ModelGroup.쏘나타._.Model.YF 쏘나타.)))),"http://www.encar.com/fc/fc_carsearchlist.do?carType=for&searchType=model&TG.R=B#!{""action"":""(And.Hidden.N._.(C.CarType.Y._.(C.Manufacturer.현대._.(C.ModelGroup.쏘나타._.Model.YF 쏘나타.))))"",""toggle"":{},""layer"":"""",""sort"":""ModifiedDate"",""page"":1,""limit"":20}"
Infinity,G37,441,X,MIDDLE,1797,Japan,http://api.encar.com/search/car/list/premium?count=true&sr=|ModifiedDate|0|5&q=(And.Hidden.N._.(C.CarType.N._.(C.Manufacturer.인피니티._.ModelGroup.G.))),"http://www.encar.com/fc/fc_carsearchlist.do?carType=for&searchType=model&TG.R=B#!{""action"":""(And.Hidden.N._.(C.CarType.N._.(C.Manufacturer.인피니티._.ModelGroup.G.)))"",""toggle"":{},""layer"":"""",""sort"":""ModifiedDate"",""page"":1,""limit"":20}"
Infinity,Q50,706,O,MIDDLE,2688,Japan,http://api.encar.com/search/car/list/premium?count=true&sr=|ModifiedDate|0|5&q=(And.Hidden.N._.(C.CarType.N._.(C.Manufacturer.인피니티._.(C.ModelGroup.Q50._.Model.Q50.)))),"http://www.encar.com/fc/fc_carsearchlist.do?carType=for&searchType=model&TG.R=B#!{""action"":""(And.Hidden.N._.(C.CarType.N._.(C.Manufacturer.인피니티._.(C.ModelGroup.Q50._.Model.Q50.))))"",""toggle"":{},""layer"":"""",""sort"":""ModifiedDate"",""page"":1,""limit"":20}"
Jaguar,New XF,420,X,MIDDLE,5657,UK,http://api.encar.com/search/car/list/premium?count=true&sr=|ModifiedDate|0|5&q=(And.Hidden.N._.(C.CarType.N._.(C.Manufacturer.재규어._.ModelGroup.XF.))),"http://www.encar.com/fc/fc_carsearchlist.do?carType=for&searchType=model&TG.R=B#!{""action"":""(And.Hidden.N._.(C.CarType.N._.(C.Manufacturer.재규어._.ModelGroup.XF.)))"",""toggle"":{},""layer"":"""",""sort"":""ModifiedDate"",""page"":1,""limit"":20}"
Jaguar,XF (X260),498,X,MIDDLE,2010,UK,http://api.encar.com/search/car/list/premium?count=true&sr=|ModifiedDate|0|5&q=(And.Hidden.N._.(C.CarType.N._.(C.Manufacturer.재규어._.(C.ModelGroup.XF._.Model.XF (X260_).)))),"http://www.encar.com/fc/fc_carsearchlist.do?carType=for&searchType=model&TG.R=B#!{""action"":""(And.Hidden.N._.(C.CarType.N._.(C.Manufacturer.재규어._.(C.ModelGroup.XF._.Model.XF (X260_).))))"",""toggle"":{},""layer"":"""",""sort"":""ModifiedDate"",""page"":1,""limit"":20}"
Jeep,Grand Cherokee,608,X,SUV/RV,3742,USA,http://api.encar.com/search/car/list/premium?count=true&sr=|ModifiedDate|0|5&q=(And.Hidden.N._.(C.CarType.N._.(C.Manufacturer.지프._.(C.ModelGroup.체로키._.Model.그랜드 체로키.)))),"http://www.encar.com/fc/fc_carsearchlist.do?carType=for&searchType=model&TG.R=B#!{""action"":""(And.Hidden.N._.(C.CarType.N._.(C.Manufacturer.지프._.(C.ModelGroup.체로키._.Model.그랜드 체로키.))))"",""toggle"":{},""layer"":"""",""sort"":""ModifiedDate"",""page"":1,""limit"":20}"
Jeep,Wrangler (JK),696,X,SUV/RV,4012,USA,http://api.encar.com/search/car/list/premium?count=true&sr=|ModifiedDate|0|5&q=(And.Hidden.N._.(C.CarType.N._.(C.Manufacturer.지프._.(C.ModelGroup.랭글러._.Model.랭글러 (JK_).)))),"http://www.encar.com/fc/fc_carsearchlist.do?carType=for&searchType=model&TG.R=B#!{""action"":""(And.Hidden.N._.(C.CarType.N._.(C.Manufacturer.지프._.(C.ModelGroup.랭글러._.Model.랭글러 (JK_).))))"",""toggle"":{},""layer"":"""",""sort"":""ModifiedDate"",""page"":1,""limit"":20}"
Kia,All New Canival,2572,X,SUV/RV,3425,Korea,http://api.encar.com/search/car/list/premium?count=true&sr=|ModifiedDate|0|5&q=(And.Hidden.N._.(C.CarType.Y._.(C.Manufacturer.기아._.(C.ModelGroup.카니발._.Model.올 뉴 카니발.)))),"http://www.encar.com/fc/fc_carsearchlist.do?carType=for&searchType=model&TG.R=B#!{""action"":""(And.Hidden.N._.(C.CarType.Y._.(C.Manufacturer.기아._.(C.ModelGroup.카니발._.Model.올 뉴 카니발.))))"",""toggle"":{},""layer"":"""",""sort"":""ModifiedDate"",""page"":1,""limit"":20}"
Kia,All New Carens,426,X,SUV/RV,1412,Korea,http://api.encar.com/search/car/list/premium?count=true&sr=|ModifiedDate|0|5&q=(And.Hidden.N._.(C.CarType.Y._.(C.Manufacturer.기아._.(C.ModelGroup.카렌스._.Model.올 뉴 카렌스.)))),"http://www.encar.com/fc/fc_carsearchlist.do?carType=for&searchType=model&TG.R=B#!{""action"":""(And.Hidden.N._.(C.CarType.Y._.(C.Manufacturer.기아._.(C.ModelGroup.카렌스._.Model.올 뉴 카렌스.))))"",""toggle"":{},""layer"":"""",""sort"":""ModifiedDate"",""page"":1,""limit"":20}"
Kia,All new K7,1336,X,BIG,2982,Korea,http://api.encar.com/search/car/list/premium?count=true&sr=|ModifiedDate|0|5&q=(And.Hidden.N._.(C.CarType.Y._.(C.Manufacturer.기아._.(C.ModelGroup.K7._.Model.올 뉴 K7.)))),"http://www.encar.com/fc/fc_carsearchlist.do?carType=for&searchType=model&TG.R=B#!{""action"":""(And.Hidden.N._.(C.CarType.Y._.(C.Manufacturer.기아._.(C.ModelGroup.K7._.Model.올 뉴 K7.))))"",""toggle"":{},""layer"":"""",""sort"":""ModifiedDate"",""page"":1,""limit"":20}"
Kia,All New K7 Hybird,411,O,BIG,3364,Korea,http://api.encar.com/search/car/list/premium?count=true&sr=|ModifiedDate|0|5&q=(And.Hidden.N._.(C.CarType.Y._.(C.Manufacturer.기아._.(C.ModelGroup.K7._.Model.올 뉴 K7 하이브리드.)))),"http://www.encar.com/fc/fc_carsearchlist.do?carType=for&searchType=model&TG.R=B#!{""action"":""(And.Hidden.N._.(C.CarType.Y._.(C.Manufacturer.기아._.(C.ModelGroup.K7._.Model.올 뉴 K7 하이브리드.))))"",""toggle"":{},""layer"":"""",""sort"":""ModifiedDate"",""page"":1,""limit"":20}"
Kia,all new Morning,913,X,SMALL/COMPACT,666,Korea,http://api.encar.com/search/car/list/premium?count=true&sr=|ModifiedDate|0|5&q=(And.Hidden.N._.(C.CarType.Y._.(C.Manufacturer.기아._.(C.ModelGroup.모닝._.Model.올 뉴 모닝.)))),"http://www.encar.com/fc/fc_carsearchlist.do?carType=for&searchType=model&TG.R=B#!{""action"":""(And.Hidden.N._.(C.CarType.Y._.(C.Manufacturer.기아._.(C.ModelGroup.모닝._.Model.올 뉴 모닝.))))"",""toggle"":{},""layer"":"""",""sort"":""ModifiedDate"",""page"":1,""limit"":20}"
Kia,All New Pride,393,X,SMALL/COMPACT,1019,Korea,http://api.encar.com/search/car/list/premium?count=true&sr=|ModifiedDate|0|5&q=(And.Hidden.N._.(C.CarType.Y._.(C.Manufacturer.기아._.(C.ModelGroup.프라이드._.Model.올 뉴 프라이드.)))),"http://www.encar.com/fc/fc_carsearchlist.do?carType=for&searchType=model&TG.R=B#!{""action"":""(And.Hidden.N._.(C.CarType.Y._.(C.Manufacturer.기아._.(C.ModelGroup.프라이드._.Model.올 뉴 프라이드.))))"",""toggle"":{},""layer"":"""",""sort"":""ModifiedDate"",""page"":1,""limit"":20}"
Kia,All New Sorento,1856,X,SUV/RV,2393,Korea,http://api.encar.com/search/car/list/premium?count=true&sr=|ModifiedDate|0|5&q=(And.Hidden.N._.(C.CarType.Y._.(C.Manufacturer.기아._.(C.ModelGroup.쏘렌토._.Model.올 뉴 쏘렌토.)))),"http://www.encar.com/fc/fc_carsearchlist.do?carType=for&searchType=model&TG.R=B#!{""action"":""(And.Hidden.N._.(C.CarType.Y._.(C.Manufacturer.기아._.(C.ModelGroup.쏘렌토._.Model.올 뉴 쏘렌토.))))"",""toggle"":{},""layer"":"""",""sort"":""ModifiedDate"",""page"":1,""limit"":20}"
Kia,Carnival R,1452,X,SUV/RV,2360,Korea,http://api.encar.com/search/car/list/premium?count=true&sr=|ModifiedDate|0|5&q=(And.Hidden.N._.(C.CarType.Y._.(C.Manufacturer.기아._.(C.ModelGroup.카니발._.Model.카니발 R.)))),"http://www.encar.com/fc/fc_carsearchlist.do?carType=for&searchType=model&TG.R=B#!{""action"":""(And.Hidden.N._.(C.CarType.Y._.(C.Manufacturer.기아._.(C.ModelGroup.카니발._.Model.카니발 R.))))"",""toggle"":{},""layer"":"""",""sort"":""ModifiedDate"",""page"":1,""limit"":20}"
Kia,FORTE KOUP,506,X,SPORT,756,Korea,http://api.encar.com/search/car/list/premium?count=true&sr=|ModifiedDate|0|5&q=(And.Hidden.N._.(C.CarType.Y._.(C.Manufacturer.기아._.(C.ModelGroup.포르테._.Model.포르테 쿱.)))),"http://www.encar.com/fc/fc_carsearchlist.do?carType=for&searchType=model&TG.R=B#!{""action"":""(And.Hidden.N._.(C.CarType.Y._.(C.Manufacturer.기아._.(C.ModelGroup.포르테._.Model.포르테 쿱.))))"",""toggle"":{},""layer"":"""",""sort"":""ModifiedDate"",""page"":1,""limit"":20}"
Kia,Grand Carnival,928,X,SUV/RV,1276,Korea,http://api.encar.com/search/car/list/premium?count=true&sr=|ModifiedDate|0|5&q=(And.Hidden.N._.(C.CarType.Y._.(C.Manufacturer.기아._.(C.ModelGroup.카니발._.Model.그랜드 카니발.)))),"http://www.encar.com/fc/fc_carsearchlist.do?carType=for&searchType=model&TG.R=B#!{""action"":""(And.Hidden.N._.(C.CarType.Y._.(C.Manufacturer.기아._.(C.ModelGroup.카니발._.Model.그랜드 카니발.))))"",""toggle"":{},""layer"":"""",""sort"":""ModifiedDate"",""page"":1,""limit"":20}"
Kia,K3,620,X,SMALL/COMPACT,1111,Korea,http://api.encar.com/search/car/list/premium?count=true&sr=|ModifiedDate|0|5&q=(And.Hidden.N._.(C.CarType.Y._.(C.Manufacturer.기아._.(C.ModelGroup.K3._.Model.K3.)))),"http://www.encar.com/fc/fc_carsearchlist.do?carType=for&searchType=model&TG.R=B#!{""action"":""(And.Hidden.N._.(C.CarType.Y._.(C.Manufacturer.기아._.(C.ModelGroup.K3._.Model.K3.))))"",""toggle"":{},""layer"":"""",""sort"":""ModifiedDate"",""page"":1,""limit"":20}"
Kia,K5,1108,O,MIDDLE,1039,Korea,http://api.encar.com/search/car/list/premium?count=true&sr=|ModifiedDate|0|5&q=(And.Hidden.N._.(C.CarType.Y._.(C.Manufacturer.기아._.(C.ModelGroup.K5._.Model.K5.)))),"http://www.encar.com/fc/fc_carsearchlist.do?carType=for&searchType=model&TG.R=B#!{""action"":""(And.Hidden.N._.(C.CarType.Y._.(C.Manufacturer.기아._.(C.ModelGroup.K5._.Model.K5.))))"",""toggle"":{},""layer"":"""",""sort"":""ModifiedDate"",""page"":1,""limit"":20}"
Kia,K5 2nd,973,O,MIDDLE,2280,Korea,http://api.encar.com/search/car/list/premium?count=true&sr=|ModifiedDate|0|5&q=(And.Hidden.N._.(C.CarType.Y._.(C.Manufacturer.기아._.(C.ModelGroup.K5._.Model.K5 2세대.)))),"http://www.encar.com/fc/fc_carsearchlist.do?carType=for&searchType=model&TG.R=B#!{""action"":""(And.Hidden.N._.(C.CarType.Y._.(C.Manufacturer.기아._.(C.ModelGroup.K5._.Model.K5 2세대.))))"",""toggle"":{},""layer"":"""",""sort"":""ModifiedDate"",""page"":1,""limit"":20}"
Kia,K7,636,X,BIG,1067,Korea,http://api.encar.com/search/car/list/premium?count=true&sr=|ModifiedDate|0|5&q=(And.Hidden.N._.(C.CarType.Y._.(C.Manufacturer.기아._.(C.ModelGroup.K7._.Model.K7.)))),"http://www.encar.com/fc/fc_carsearchlist.do?carType=for&searchType=model&TG.R=B#!{""action"":""(And.Hidden.N._.(C.CarType.Y._.(C.Manufacturer.기아._.(C.ModelGroup.K7._.Model.K7.))))"",""toggle"":{},""layer"":"""",""sort"":""ModifiedDate"",""page"":1,""limit"":20}"
Kia,K9,566,X,BIG,3311,Korea,http://api.encar.com/search/car/list/premium?count=true&sr=|ModifiedDate|0|5&q=(And.Hidden.N._.(C.CarType.Y._.(C.Manufacturer.기아._.(C.ModelGroup.K9._.Model.K9.)))),"http://www.encar.com/fc/fc_carsearchlist.do?carType=for&searchType=model&TG.R=B#!{""action"":""(And.Hidden.N._.(C.CarType.Y._.(C.Manufacturer.기아._.(C.ModelGroup.K9._.Model.K9.))))"",""toggle"":{},""layer"":"""",""sort"":""ModifiedDate"",""page"":1,""limit"":20}"
Kia,LOTZE innovation,411,X,MIDDLE,503,Korea,http://api.encar.com/search/car/list/premium?count=true&sr=|ModifiedDate|0|5&q=(And.Hidden.N._.(C.CarType.Y._.(C.Manufacturer.기아._.(C.ModelGroup.로체._.Model.로체 이노베이션.)))),"http://www.encar.com/fc/fc_carsearchlist.do?carType=for&searchType=model&TG.R=B#!{""action"":""(And.Hidden.N._.(C.CarType.Y._.(C.Manufacturer.기아._.(C.ModelGroup.로체._.Model.로체 이노베이션.))))"",""toggle"":{},""layer"":"""",""sort"":""ModifiedDate"",""page"":1,""limit"":20}"
Kia,Mohave,1192,X,SUV/RV,2841,Korea,http://api.encar.com/search/car/list/premium?count=true&sr=|ModifiedDate|0|5&q=(And.Hidden.N._.(C.CarType.Y._.(C.Manufacturer.기아._.(C.ModelGroup.모하비._.Model.모하비.)))),"http://www.encar.com/fc/fc_carsearchlist.do?carType=for&searchType=model&TG.R=B#!{""action"":""(And.Hidden.N._.(C.CarType.Y._.(C.Manufacturer.기아._.(C.ModelGroup.모하비._.Model.모하비.))))"",""toggle"":{},""layer"":"""",""sort"":""ModifiedDate"",""page"":1,""limit"":20}"
Kia,New Carens,399,X,SUV/RV,824,Korea,http://api.encar.com/search/car/list/premium?count=true&sr=|ModifiedDate|0|5&q=(And.Hidden.N._.(C.CarType.Y._.(C.Manufacturer.기아._.(C.ModelGroup.카렌스._.Model.뉴카렌스.)))),"http://www.encar.com/fc/fc_carsearchlist.do?carType=for&searchType=model&TG.R=B#!{""action"":""(And.Hidden.N._.(C.CarType.Y._.(C.Manufacturer.기아._.(C.ModelGroup.카렌스._.Model.뉴카렌스.))))"",""toggle"":{},""layer"":"""",""sort"":""ModifiedDate"",""page"":1,""limit"":20}"
Kia,New Morning,606,X,SMALL/COMPACT,292,Korea,http://api.encar.com/search/car/list/premium?count=true&sr=|ModifiedDate|0|5&q=(And.Hidden.N._.(C.CarType.Y._.(C.Manufacturer.기아._.(C.ModelGroup.모닝._.Model.뉴모닝.)))),"http://www.encar.com/fc/fc_carsearchlist.do?carType=for&searchType=model&TG.R=B#!{""action"":""(And.Hidden.N._.(C.CarType.Y._.(C.Manufacturer.기아._.(C.ModelGroup.모닝._.Model.뉴모닝.))))"",""toggle"":{},""layer"":"""",""sort"":""ModifiedDate"",""page"":1,""limit"":20}"
Kia,New Opirus,419,X,BIG,665,Korea,http://api.encar.com/search/car/list/premium?count=true&sr=|ModifiedDate|0|5&q=(And.Hidden.N._.(C.CarType.Y._.(C.Manufacturer.기아._.(C.ModelGroup.오피러스._.Model.뉴오피러스.)))),"http://www.encar.com/fc/fc_carsearchlist.do?carType=for&searchType=model&TG.R=B#!{""action"":""(And.Hidden.N._.(C.CarType.Y._.(C.Manufacturer.기아._.(C.ModelGroup.오피러스._.Model.뉴오피러스.))))"",""toggle"":{},""layer"":"""",""sort"":""ModifiedDate"",""page"":1,""limit"":20}"
Kia,New Sorento,431,X,SUV/RV,1584,Korea,http://api.encar.com/search/car/list/premium?count=true&sr=|ModifiedDate|0|5&q=(And.Hidden.N._.(C.CarType.Y._.(C.Manufacturer.기아._.(C.ModelGroup.쏘렌토._.Model.뉴쏘렌토.)))),"http://www.encar.com/fc/fc_carsearchlist.do?carType=for&searchType=model&TG.R=B#!{""action"":""(And.Hidden.N._.(C.CarType.Y._.(C.Manufacturer.기아._.(C.ModelGroup.쏘렌토._.Model.뉴쏘렌토.))))"",""toggle"":{},""layer"":"""",""sort"":""ModifiedDate"",""page"":1,""limit"":20}"
Kia,New Sorento R,802,X,SUV/RV,1980,Korea,http://api.encar.com/search/car/list/premium?count=true&sr=|ModifiedDate|0|5&q=(And.Hidden.N._.(C.CarType.Y._.(C.Manufacturer.기아._.(C.ModelGroup.쏘렌토._.Model.뉴 쏘렌토 R.)))),"http://www.encar.com/fc/fc_carsearchlist.do?carType=for&searchType=model&TG.R=B#!{""action"":""(And.Hidden.N._.(C.CarType.Y._.(C.Manufacturer.기아._.(C.ModelGroup.쏘렌토._.Model.뉴 쏘렌토 R.))))"",""toggle"":{},""layer"":"""",""sort"":""ModifiedDate"",""page"":1,""limit"":20}"
Kia,New Sportage,407,X,SUV/RV,654,Korea,http://api.encar.com/search/car/list/premium?count=true&sr=|ModifiedDate|0|5&q=(And.Hidden.N._.(C.CarType.Y._.(C.Manufacturer.기아._.(C.ModelGroup.스포티지._.Model.New 스포티지.)))),"http://www.encar.com/fc/fc_carsearchlist.do?carType=for&searchType=model&TG.R=B#!{""action"":""(And.Hidden.N._.(C.CarType.Y._.(C.Manufacturer.기아._.(C.ModelGroup.스포티지._.Model.New 스포티지.))))"",""toggle"":{},""layer"":"""",""sort"":""ModifiedDate"",""page"":1,""limit"":20}"
Kia,Niro,456,O,SUV/RV,2381,Korea,http://api.encar.com/search/car/list/premium?count=true&sr=|ModifiedDate|0|5&q=(And.Hidden.N._.(C.CarType.Y._.(C.Manufacturer.기아._.(C.ModelGroup.니로._.Model.니로.)))),"http://www.encar.com/fc/fc_carsearchlist.do?carType=for&searchType=model&TG.R=B#!{""action"":""(And.Hidden.N._.(C.CarType.Y._.(C.Manufacturer.기아._.(C.ModelGroup.니로._.Model.니로.))))"",""toggle"":{},""layer"":"""",""sort"":""ModifiedDate"",""page"":1,""limit"":20}"
Kia,OPIRUS PREMIUM,495,X,BIG,1049,Korea,http://api.encar.com/search/car/list/premium?count=true&sr=|ModifiedDate|0|5&q=(And.Hidden.N._.(C.CarType.Y._.(C.Manufacturer.기아._.(C.ModelGroup.오피러스._.Model.오피러스 프리미엄.)))),"http://www.encar.com/fc/fc_carsearchlist.do?carType=for&searchType=model&TG.R=B#!{""action"":""(And.Hidden.N._.(C.CarType.Y._.(C.Manufacturer.기아._.(C.ModelGroup.오피러스._.Model.오피러스 프리미엄.))))"",""toggle"":{},""layer"":"""",""sort"":""ModifiedDate"",""page"":1,""limit"":20}"
Kia,RAY,1242,O,SMALL/COMPACT,907,Korea,http://api.encar.com/search/car/list/premium?count=true&sr=|ModifiedDate|0|5&q=(And.Hidden.N._.(C.CarType.Y._.(C.Manufacturer.기아._.(C.ModelGroup.레이._.Model.레이.)))),"http://www.encar.com/fc/fc_carsearchlist.do?carType=for&searchType=model&TG.R=B#!{""action"":""(And.Hidden.N._.(C.CarType.Y._.(C.Manufacturer.기아._.(C.ModelGroup.레이._.Model.레이.))))"",""toggle"":{},""layer"":"""",""sort"":""ModifiedDate"",""page"":1,""limit"":20}"
Kia,Sorento R,763,X,SUV/RV,1321,Korea,http://api.encar.com/search/car/list/premium?count=true&sr=|ModifiedDate|0|5&q=(And.Hidden.N._.(C.CarType.Y._.(C.Manufacturer.기아._.(C.ModelGroup.쏘렌토._.Model.쏘렌토 R.)))),"http://www.encar.com/fc/fc_carsearchlist.do?carType=for&searchType=model&TG.R=B#!{""action"":""(And.Hidden.N._.(C.CarType.Y._.(C.Manufacturer.기아._.(C.ModelGroup.쏘렌토._.Model.쏘렌토 R.))))"",""toggle"":{},""layer"":"""",""sort"":""ModifiedDate"",""page"":1,""limit"":20}"
Kia,Sportage fourth generation,716,X,SUV/RV,2176,Korea,http://api.encar.com/search/car/list/premium?count=true&sr=|ModifiedDate|0|5&q=(And.Hidden.N._.(C.CarType.Y._.(C.Manufacturer.기아._.(C.ModelGroup.스포티지._.Model.스포티지 4세대.)))),"http://www.encar.com/fc/fc_carsearchlist.do?carType=for&searchType=model&TG.R=B#!{""action"":""(And.Hidden.N._.(C.CarType.Y._.(C.Manufacturer.기아._.(C.ModelGroup.스포티지._.Model.스포티지 4세대.))))"",""toggle"":{},""layer"":"""",""sort"":""ModifiedDate"",""page"":1,""limit"":20}"
Kia,Sportage R,709,X,SUV/RV,1293,Korea,http://api.encar.com/search/car/list/premium?count=true&sr=|ModifiedDate|0|5&q=(And.Hidden.N._.(C.CarType.Y._.(C.Manufacturer.기아._.(C.ModelGroup.스포티지._.Model.스포티지 R.)))),"http://www.encar.com/fc/fc_carsearchlist.do?carType=for&searchType=model&TG.R=B#!{""action"":""(And.Hidden.N._.(C.CarType.Y._.(C.Manufacturer.기아._.(C.ModelGroup.스포티지._.Model.스포티지 R.))))"",""toggle"":{},""layer"":"""",""sort"":""ModifiedDate"",""page"":1,""limit"":20}"
Kia,The New K3,429,X,MIDDLE,1451,Korea,http://api.encar.com/search/car/list/premium?count=true&sr=|ModifiedDate|0|5&q=(And.Hidden.N._.(C.CarType.Y._.(C.Manufacturer.기아._.(C.ModelGroup.K3._.Model.더 뉴 K3.)))),"http://www.encar.com/fc/fc_carsearchlist.do?carType=for&searchType=model&TG.R=B#!{""action"":""(And.Hidden.N._.(C.CarType.Y._.(C.Manufacturer.기아._.(C.ModelGroup.K3._.Model.더 뉴 K3.))))"",""toggle"":{},""layer"":"""",""sort"":""ModifiedDate"",""page"":1,""limit"":20}"
Kia,The New K5,759,O,MIDDLE,1622,Korea,http://api.encar.com/search/car/list/premium?count=true&sr=|ModifiedDate|0|5&q=(And.Hidden.N._.(C.CarType.Y._.(C.Manufacturer.기아._.(C.ModelGroup.K5._.Model.더 뉴 K5.)))),"http://www.encar.com/fc/fc_carsearchlist.do?carType=for&searchType=model&TG.R=B#!{""action"":""(And.Hidden.N._.(C.CarType.Y._.(C.Manufacturer.기아._.(C.ModelGroup.K5._.Model.더 뉴 K5.))))"",""toggle"":{},""layer"":"""",""sort"":""ModifiedDate"",""page"":1,""limit"":20}"
Kia,The New K7,1139,X,BIG,1995,Korea,http://api.encar.com/search/car/list/premium?count=true&sr=|ModifiedDate|0|5&q=(And.Hidden.N._.(C.CarType.Y._.(C.Manufacturer.기아._.(C.ModelGroup.K7._.Model.더 뉴 K7.)))),"http://www.encar.com/fc/fc_carsearchlist.do?carType=for&searchType=model&TG.R=B#!{""action"":""(And.Hidden.N._.(C.CarType.Y._.(C.Manufacturer.기아._.(C.ModelGroup.K7._.Model.더 뉴 K7.))))"",""toggle"":{},""layer"":"""",""sort"":""ModifiedDate"",""page"":1,""limit"":20}"
Kia,The New K9,525,X,BIG,3549,Korea,http://api.encar.com/search/car/list/premium?count=true&sr=|ModifiedDate|0|5&q=(And.Hidden.N._.(C.CarType.Y._.(C.Manufacturer.기아._.(C.ModelGroup.K9._.Model.더 뉴 K9.)))),"http://www.encar.com/fc/fc_carsearchlist.do?carType=for&searchType=model&TG.R=B#!{""action"":""(And.Hidden.N._.(C.CarType.Y._.(C.Manufacturer.기아._.(C.ModelGroup.K9._.Model.더 뉴 K9.))))"",""toggle"":{},""layer"":"""",""sort"":""ModifiedDate"",""page"":1,""limit"":20}"
Kia,The New Mohave,579,X,SUV/RV,4149,Korea,http://api.encar.com/search/car/list/premium?count=true&sr=|ModifiedDate|0|5&q=(And.Hidden.N._.(C.CarType.Y._.(C.Manufacturer.기아._.(C.ModelGroup.모하비._.Model.더 뉴 모하비.)))),"http://www.encar.com/fc/fc_carsearchlist.do?carType=for&searchType=model&TG.R=B#!{""action"":""(And.Hidden.N._.(C.CarType.Y._.(C.Manufacturer.기아._.(C.ModelGroup.모하비._.Model.더 뉴 모하비.))))"",""toggle"":{},""layer"":"""",""sort"":""ModifiedDate"",""page"":1,""limit"":20}"
Kia,The new morning,502,X,SMALL/COMPACT,755,Korea,http://api.encar.com/search/car/list/premium?count=true&sr=|ModifiedDate|0|5&q=(And.Hidden.N._.(C.CarType.Y._.(C.Manufacturer.기아._.(C.ModelGroup.모닝._.Model.더 뉴 모닝.)))),"http://www.encar.com/fc/fc_carsearchlist.do?carType=for&searchType=model&TG.R=B#!{""action"":""(And.Hidden.N._.(C.CarType.Y._.(C.Manufacturer.기아._.(C.ModelGroup.모닝._.Model.더 뉴 모닝.))))"",""toggle"":{},""layer"":"""",""sort"":""ModifiedDate"",""page"":1,""limit"":20}"
Kia,The New Sportage R,718,X,SUV/RV,1611,Korea,http://api.encar.com/search/car/list/premium?count=true&sr=|ModifiedDate|0|5&q=(And.Hidden.N._.(C.CarType.Y._.(C.Manufacturer.기아._.(C.ModelGroup.스포티지._.Model.더 뉴 스포티지 R.)))),"http://www.encar.com/fc/fc_carsearchlist.do?carType=for&searchType=model&TG.R=B#!{""action"":""(And.Hidden.N._.(C.CarType.Y._.(C.Manufacturer.기아._.(C.ModelGroup.스포티지._.Model.더 뉴 스포티지 R.))))"",""toggle"":{},""layer"":"""",""sort"":""ModifiedDate"",""page"":1,""limit"":20}"
Kia,The Prestige K7,591,X,BIG,1289,Korea,http://api.encar.com/search/car/list/premium?count=true&sr=|ModifiedDate|0|5&q=(And.Hidden.N._.(C.CarType.Y._.(C.Manufacturer.기아._.(C.ModelGroup.K7._.Model.더 프레스티지 K7.)))),"http://www.encar.com/fc/fc_carsearchlist.do?carType=for&searchType=model&TG.R=B#!{""action"":""(And.Hidden.N._.(C.CarType.Y._.(C.Manufacturer.기아._.(C.ModelGroup.K7._.Model.더 프레스티지 K7.))))"",""toggle"":{},""layer"":"""",""sort"":""ModifiedDate"",""page"":1,""limit"":20}"
Land Rover,Discovery 4,1258,X,SUV/RV,5209,UK,http://api.encar.com/search/car/list/premium?count=true&sr=|ModifiedDate|0|5&q=(And.Hidden.N._.(C.CarType.N._.(C.Manufacturer.랜드로버._.ModelGroup.디스커버리.))),"http://www.encar.com/fc/fc_carsearchlist.do?carType=for&searchType=model&TG.R=B#!{""action"":""(And.Hidden.N._.(C.CarType.N._.(C.Manufacturer.랜드로버._.ModelGroup.디스커버리.)))"",""toggle"":{},""layer"":"""",""sort"":""ModifiedDate"",""page"":1,""limit"":20}"
Land Rover,Discovery Sport,479,X,SUV/RV,4684,UK,http://api.encar.com/search/car/list/premium?count=true&sr=|ModifiedDate|0|5&q=(And.Hidden.N._.(C.CarType.N._.(C.Manufacturer.랜드로버._.ModelGroup.디스커버리 스포츠.))),"http://www.encar.com/fc/fc_carsearchlist.do?carType=for&searchType=model&TG.R=B#!{""action"":""(And.Hidden.N._.(C.CarType.N._.(C.Manufacturer.랜드로버._.ModelGroup.디스커버리 스포츠.)))"",""toggle"":{},""layer"":"""",""sort"":""ModifiedDate"",""page"":1,""limit"":20}"
Land Rover,Range Rover 4th,634,O,SUV/RV,14113,UK,http://api.encar.com/search/car/list/premium?count=true&sr=|ModifiedDate|0|5&q=(And.Hidden.N._.(C.CarType.N._.(C.Manufacturer.랜드로버._.ModelGroup.레인지로버.))),"http://www.encar.com/fc/fc_carsearchlist.do?carType=for&searchType=model&TG.R=B#!{""action"":""(And.Hidden.N._.(C.CarType.N._.(C.Manufacturer.랜드로버._.ModelGroup.레인지로버.)))"",""toggle"":{},""layer"":"""",""sort"":""ModifiedDate"",""page"":1,""limit"":20}"
Land Rover,Range Rover Evoque,594,X,SUV/RV,4316,UK,http://api.encar.com/search/car/list/premium?count=true&sr=|ModifiedDate|0|5&q=(And.Hidden.N._.(C.CarType.N._.(C.Manufacturer.랜드로버._.(C.ModelGroup.레인지로버 이보크._.Model.레인지로버 이보크.)))),"http://www.encar.com/fc/fc_carsearchlist.do?carType=for&searchType=model&TG.R=B#!{""action"":""(And.Hidden.N._.(C.CarType.N._.(C.Manufacturer.랜드로버._.(C.ModelGroup.레인지로버 이보크._.Model.레인지로버 이보크.))))"",""toggle"":{},""layer"":"""",""sort"":""ModifiedDate"",""page"":1,""limit"":20}"
Land Rover,Range Rover Sport 2nd,647,O,SUV/RV,7356,UK,http://api.encar.com/search/car/list/premium?count=true&sr=|ModifiedDate|0|5&q=(And.Hidden.N._.(C.CarType.N._.(C.Manufacturer.랜드로버._.(C.ModelGroup.레인지로버 스포츠._.Model.레인지로버 스포츠 2세대.)))),"http://www.encar.com/fc/fc_carsearchlist.do?carType=for&searchType=model&TG.R=B#!{""action"":""(And.Hidden.N._.(C.CarType.N._.(C.Manufacturer.랜드로버._.(C.ModelGroup.레인지로버 스포츠._.Model.레인지로버 스포츠 2세대.))))"",""toggle"":{},""layer"":"""",""sort"":""ModifiedDate"",""page"":1,""limit"":20}"
Lexus,IS250,606,X,SMALL/COMPACT,2498,Japan,http://api.encar.com/search/car/list/premium?count=true&sr=|ModifiedDate|0|5&q=(And.Hidden.N._.(C.CarType.N._.(C.Manufacturer.렉서스._.(C.ModelGroup.IS._.Model.IS250.)))),"http://www.encar.com/fc/fc_carsearchlist.do?carType=for&searchType=model&TG.R=B#!{""action"":""(And.Hidden.N._.(C.CarType.N._.(C.Manufacturer.렉서스._.(C.ModelGroup.IS._.Model.IS250.))))"",""toggle"":{},""layer"":"""",""sort"":""ModifiedDate"",""page"":1,""limit"":20}"
Lexus,New ES300h,862,O,BIG,3173,Japan,http://api.encar.com/search/car/list/premium?count=true&sr=|ModifiedDate|0|5&q=(And.Hidden.N._.(C.CarType.N._.(C.Manufacturer.렉서스._.(C.ModelGroup.ES._.Model.뉴 ES300h.)))),"http://www.encar.com/fc/fc_carsearchlist.do?carType=for&searchType=model&TG.R=B#!{""action"":""(And.Hidden.N._.(C.CarType.N._.(C.Manufacturer.렉서스._.(C.ModelGroup.ES._.Model.뉴 ES300h.))))"",""toggle"":{},""layer"":"""",""sort"":""ModifiedDate"",""page"":1,""limit"":20}"
Lexus,New IS250,427,X,SMALL/COMPACT,2918,Japan,http://api.encar.com/search/car/list/premium?count=true&sr=|ModifiedDate|0|5&q=(And.Hidden.N._.(C.CarType.N._.(C.Manufacturer.렉서스._.(C.ModelGroup.IS._.Model.뉴 IS250.)))),"http://www.encar.com/fc/fc_carsearchlist.do?carType=for&searchType=model&TG.R=B#!{""action"":""(And.Hidden.N._.(C.CarType.N._.(C.Manufacturer.렉서스._.(C.ModelGroup.IS._.Model.뉴 IS250.))))"",""toggle"":{},""layer"":"""",""sort"":""ModifiedDate"",""page"":1,""limit"":20}"
Lexus,NX300h,375,O,SUV/RV,3824,Japan,http://api.encar.com/search/car/list/premium?count=true&sr=|ModifiedDate|0|5&q=(And.Hidden.N._.(C.CarType.N._.(C.Manufacturer.렉서스._.(C.ModelGroup.NX._.Model.NX300h.)))),"http://www.encar.com/fc/fc_carsearchlist.do?carType=for&searchType=model&TG.R=B#!{""action"":""(And.Hidden.N._.(C.CarType.N._.(C.Manufacturer.렉서스._.(C.ModelGroup.NX._.Model.NX300h.))))"",""toggle"":{},""layer"":"""",""sort"":""ModifiedDate"",""page"":1,""limit"":20}"
Maserati,Ghibli,395,X,MIDDLE,6001,Germany,http://api.encar.com/search/car/list/premium?count=true&sr=|ModifiedDate|0|5&q=(And.Hidden.N._.(C.CarType.N._.(C.Manufacturer.마세라티._.(C.ModelGroup.기블리._.Model.기블리.)))),"http://www.encar.com/fc/fc_carsearchlist.do?carType=for&searchType=model&TG.R=B#!{""action"":""(And.Hidden.N._.(C.CarType.N._.(C.Manufacturer.마세라티._.(C.ModelGroup.기블리._.Model.기블리.))))"",""toggle"":{},""layer"":"""",""sort"":""ModifiedDate"",""page"":1,""limit"":20}"
Mercedes-Benz,A-Class W176,665,X,SMALL/COMPACT,2117,Germany,http://api.encar.com/search/car/list/premium?count=true&sr=|ModifiedDate|0|5&q=(And.Hidden.N._.(C.CarType.N._.(C.Manufacturer.벤츠._.(C.ModelGroup.A-클래스._.Model.A-클래스 W176.)))),"http://www.encar.com/fc/fc_carsearchlist.do?carType=for&searchType=model&TG.R=B#!{""action"":""(And.Hidden.N._.(C.CarType.N._.(C.Manufacturer.벤츠._.(C.ModelGroup.A-클래스._.Model.A-클래스 W176.))))"",""toggle"":{},""layer"":"""",""sort"":""ModifiedDate"",""page"":1,""limit"":20}"
Mercedes-Benz,C-Class W204,1184,X,SMALL/COMPACT,4151,Germany,http://api.encar.com/search/car/list/premium?count=true&sr=|ModifiedDate|0|5&q=(And.Hidden.N._.(C.CarType.N._.(C.Manufacturer.벤츠._.(C.ModelGroup.C-클래스._.Model.C-클래스 W204.)))),"http://www.encar.com/fc/fc_carsearchlist.do?carType=for&searchType=model&TG.R=B#!{""action"":""(And.Hidden.N._.(C.CarType.N._.(C.Manufacturer.벤츠._.(C.ModelGroup.C-클래스._.Model.C-클래스 W204.))))"",""toggle"":{},""layer"":"""",""sort"":""ModifiedDate"",""page"":1,""limit"":20}"
Mercedes-Benz,C-Class W205,2095,X,SMALL/COMPACT,3664,Germany,http://api.encar.com/search/car/list/premium?count=true&sr=|ModifiedDate|0|5&q=(And.Hidden.N._.(C.CarType.N._.(C.Manufacturer.벤츠._.(C.ModelGroup.C-클래스._.Model.C-클래스 W205.)))),"http://www.encar.com/fc/fc_carsearchlist.do?carType=for&searchType=model&TG.R=B#!{""action"":""(And.Hidden.N._.(C.CarType.N._.(C.Manufacturer.벤츠._.(C.ModelGroup.C-클래스._.Model.C-클래스 W205.))))"",""toggle"":{},""layer"":"""",""sort"":""ModifiedDate"",""page"":1,""limit"":20}"
Mercedes-Benz,CLA-Class C117,624,X,SMALL/COMPACT,3442,Germany,http://api.encar.com/search/car/list/premium?count=true&sr=|ModifiedDate|0|5&q=(And.Hidden.N._.(C.CarType.N._.(C.Manufacturer.벤츠._.(C.ModelGroup.CLA-클래스._.Model.CLA-클래스 C117.)))),"http://www.encar.com/fc/fc_carsearchlist.do?carType=for&searchType=model&TG.R=B#!{""action"":""(And.Hidden.N._.(C.CarType.N._.(C.Manufacturer.벤츠._.(C.ModelGroup.CLA-클래스._.Model.CLA-클래스 C117.))))"",""toggle"":{},""layer"":"""",""sort"":""ModifiedDate"",""page"":1,""limit"":20}"
Mercedes-Benz,CLS-Class W218,1532,X,MIDDLE,6865,Germany,http://api.encar.com/search/car/list/premium?count=true&sr=|ModifiedDate|0|5&q=(And.Hidden.N._.(C.CarType.N._.(C.Manufacturer.벤츠._.(C.ModelGroup.CLS-클래스._.Model.CLS-클래스 W218.)))),"http://www.encar.com/fc/fc_carsearchlist.do?carType=for&searchType=model&TG.R=B#!{""action"":""(And.Hidden.N._.(C.CarType.N._.(C.Manufacturer.벤츠._.(C.ModelGroup.CLS-클래스._.Model.CLS-클래스 W218.))))"",""toggle"":{},""layer"":"""",""sort"":""ModifiedDate"",""page"":1,""limit"":20}"
Mercedes-Benz,E-Class W211,570,X,MIDDLE,1033,Germany,http://api.encar.com/search/car/list/premium?count=true&sr=|ModifiedDate|0|5&q=(And.Hidden.N._.(C.CarType.N._.(C.Manufacturer.벤츠._.(C.ModelGroup.E-클래스._.Model.E-클래스 W211.)))),"http://www.encar.com/fc/fc_carsearchlist.do?carType=for&searchType=model&TG.R=B#!{""action"":""(And.Hidden.N._.(C.CarType.N._.(C.Manufacturer.벤츠._.(C.ModelGroup.E-클래스._.Model.E-클래스 W211.))))"",""toggle"":{},""layer"":"""",""sort"":""ModifiedDate"",""page"":1,""limit"":20}"
Mercedes-Benz,E-Class W212,2618,O,MIDDLE,5596,Germany,http://api.encar.com/search/car/list/premium?count=true&sr=|ModifiedDate|0|5&q=(And.Hidden.N._.(C.CarType.N._.(C.Manufacturer.벤츠._.(C.ModelGroup.E-클래스._.Model.E-클래스 W212.)))),"http://www.encar.com/fc/fc_carsearchlist.do?carType=for&searchType=model&TG.R=B#!{""action"":""(And.Hidden.N._.(C.CarType.N._.(C.Manufacturer.벤츠._.(C.ModelGroup.E-클래스._.Model.E-클래스 W212.))))"",""toggle"":{},""layer"":"""",""sort"":""ModifiedDate"",""page"":1,""limit"":20}"
Mercedes-Benz,E-Class W213,2040,X,MIDDLE,7227,Germany,http://api.encar.com/search/car/list/premium?count=true&sr=|ModifiedDate|0|5&q=(And.Hidden.N._.(C.CarType.N._.(C.Manufacturer.벤츠._.(C.ModelGroup.E-클래스._.Model.E-클래스 W213.)))),"http://www.encar.com/fc/fc_carsearchlist.do?carType=for&searchType=model&TG.R=B#!{""action"":""(And.Hidden.N._.(C.CarType.N._.(C.Manufacturer.벤츠._.(C.ModelGroup.E-클래스._.Model.E-클래스 W213.))))"",""toggle"":{},""layer"":"""",""sort"":""ModifiedDate"",""page"":1,""limit"":20}"
Mercedes-Benz,G-Class W463,384,X,SUV/RV,12421,Germany,http://api.encar.com/search/car/list/premium?count=true&sr=|ModifiedDate|0|5&q=(And.Hidden.N._.(C.CarType.N._.(C.Manufacturer.벤츠._.(C.ModelGroup.G-클래스 (G바겐_)._.Model.G-클래스 W463.)))),"http://www.encar.com/fc/fc_carsearchlist.do?carType=for&searchType=model&TG.R=B#!{""action"":""(And.Hidden.N._.(C.CarType.N._.(C.Manufacturer.벤츠._.(C.ModelGroup.G-클래스 (G바겐_)._.Model.G-클래스 W463.))))"",""toggle"":{},""layer"":"""",""sort"":""ModifiedDate"",""page"":1,""limit"":20}"
Mercedes-Benz,GLA-Class X156,413,X,SUV/RV,3247,Germany,http://api.encar.com/search/car/list/premium?count=true&sr=|ModifiedDate|0|5&q=(And.Hidden.N._.(C.CarType.N._.(C.Manufacturer.벤츠._.(C.ModelGroup.GLA-클래스._.Model.GLA-클래스 X156.)))),"http://www.encar.com/fc/fc_carsearchlist.do?carType=for&searchType=model&TG.R=B#!{""action"":""(And.Hidden.N._.(C.CarType.N._.(C.Manufacturer.벤츠._.(C.ModelGroup.GLA-클래스._.Model.GLA-클래스 X156.))))"",""toggle"":{},""layer"":"""",""sort"":""ModifiedDate"",""page"":1,""limit"":20}"
Mercedes-Benz,GLC-Class X253,720,X,SUV/RV,6663,Germany,http://api.encar.com/search/car/list/premium?count=true&sr=|ModifiedDate|0|5&q=(And.Hidden.N._.(C.CarType.N._.(C.Manufacturer.벤츠._.(C.ModelGroup.GLC-클래스._.Model.GLC-클래스 X253.)))),"http://www.encar.com/fc/fc_carsearchlist.do?carType=for&searchType=model&TG.R=B#!{""action"":""(And.Hidden.N._.(C.CarType.N._.(C.Manufacturer.벤츠._.(C.ModelGroup.GLC-클래스._.Model.GLC-클래스 X253.))))"",""toggle"":{},""layer"":"""",""sort"":""ModifiedDate"",""page"":1,""limit"":20}"
Mercedes-Benz,GLE-Class W166,713,X,SUV/RV,10927,Germany,http://api.encar.com/search/car/list/premium?count=true&sr=|ModifiedDate|0|5&q=(And.Hidden.N._.(C.CarType.N._.(C.Manufacturer.벤츠._.(C.ModelGroup.GLE-클래스._.Model.GLE-클래스 W166.)))),"http://www.encar.com/fc/fc_carsearchlist.do?carType=for&searchType=model&TG.R=B#!{""action"":""(And.Hidden.N._.(C.CarType.N._.(C.Manufacturer.벤츠._.(C.ModelGroup.GLE-클래스._.Model.GLE-클래스 W166.))))"",""toggle"":{},""layer"":"""",""sort"":""ModifiedDate"",""page"":1,""limit"":20}"
Mercedes-Benz,GLK-Class X204,428,X,SUV/RV,3276,Germany,http://api.encar.com/search/car/list/premium?count=true&sr=|ModifiedDate|0|5&q=(And.Hidden.N._.(C.CarType.N._.(C.Manufacturer.벤츠._.(C.ModelGroup.GLK-클래스._.Model.GLK-클래스 X204.)))),"http://www.encar.com/fc/fc_carsearchlist.do?carType=for&searchType=model&TG.R=B#!{""action"":""(And.Hidden.N._.(C.CarType.N._.(C.Manufacturer.벤츠._.(C.ModelGroup.GLK-클래스._.Model.GLK-클래스 X204.))))"",""toggle"":{},""layer"":"""",""sort"":""ModifiedDate"",""page"":1,""limit"":20}"
Mercedes-Benz,M-class W166,447,X,SUV/RV,6662,Germany,http://api.encar.com/search/car/list/premium?count=true&sr=|ModifiedDate|0|5&q=(And.Hidden.N._.(C.CarType.N._.(C.Manufacturer.벤츠._.(C.ModelGroup.M-클래스._.Model.M-클래스 W166.)))),"http://www.encar.com/fc/fc_carsearchlist.do?carType=for&searchType=model&TG.R=B#!{""action"":""(And.Hidden.N._.(C.CarType.N._.(C.Manufacturer.벤츠._.(C.ModelGroup.M-클래스._.Model.M-클래스 W166.))))"",""toggle"":{},""layer"":"""",""sort"":""ModifiedDate"",""page"":1,""limit"":20}"
Mercedes-Benz,New SLK-Class,605,X,SPORT,4556,Germany,http://api.encar.com/search/car/list/premium?count=true&sr=|ModifiedDate|0|5&q=(And.Hidden.N._.(C.CarType.N._.(C.Manufacturer.벤츠._.(C.ModelGroup.SLK-클래스._.Model.뉴 SLK-클래스.)))),"http://www.encar.com/fc/fc_carsearchlist.do?carType=for&searchType=model&TG.R=B#!{""action"":""(And.Hidden.N._.(C.CarType.N._.(C.Manufacturer.벤츠._.(C.ModelGroup.SLK-클래스._.Model.뉴 SLK-클래스.))))"",""toggle"":{},""layer"":"""",""sort"":""ModifiedDate"",""page"":1,""limit"":20}"
Mercedes-Benz,S-Class W221,681,O,BIG,4778,Germany,http://api.encar.com/search/car/list/premium?count=true&sr=|ModifiedDate|0|5&q=(And.Hidden.N._.(C.CarType.N._.(C.Manufacturer.벤츠._.(C.ModelGroup.S-클래스._.Model.S-클래스 W221.)))),"http://www.encar.com/fc/fc_carsearchlist.do?carType=for&searchType=model&TG.R=B#!{""action"":""(And.Hidden.N._.(C.CarType.N._.(C.Manufacturer.벤츠._.(C.ModelGroup.S-클래스._.Model.S-클래스 W221.))))"",""toggle"":{},""layer"":"""",""sort"":""ModifiedDate"",""page"":1,""limit"":20}"
Mercedes-Benz,S-Class W222,901,O,BIG,10458,Germany,http://api.encar.com/search/car/list/premium?count=true&sr=|ModifiedDate|0|5&q=(And.Hidden.N._.(C.CarType.N._.(C.Manufacturer.벤츠._.(C.ModelGroup.S-클래스._.Model.S-클래스 W222.)))),"http://www.encar.com/fc/fc_carsearchlist.do?carType=for&searchType=model&TG.R=B#!{""action"":""(And.Hidden.N._.(C.CarType.N._.(C.Manufacturer.벤츠._.(C.ModelGroup.S-클래스._.Model.S-클래스 W222.))))"",""toggle"":{},""layer"":"""",""sort"":""ModifiedDate"",""page"":1,""limit"":20}"
Mini,Cooper,425,X,SMALL/COMPACT,1971,UK,http://api.encar.com/search/car/list/premium?count=true&sr=|ModifiedDate|0|5&q=(And.Hidden.N._.(C.CarType.N._.(C.Manufacturer.미니._.(C.ModelGroup.쿠퍼._.Model.쿠퍼.)))),"http://www.encar.com/fc/fc_carsearchlist.do?carType=for&searchType=model&TG.R=B#!{""action"":""(And.Hidden.N._.(C.CarType.N._.(C.Manufacturer.미니._.(C.ModelGroup.쿠퍼._.Model.쿠퍼.))))"",""toggle"":{},""layer"":"""",""sort"":""ModifiedDate"",""page"":1,""limit"":20}"
Mini,Cooper S,733,X,SMALL/COMPACT,2549,UK,http://api.encar.com/search/car/list/premium?count=true&sr=|ModifiedDate|0|5&q=(And.Hidden.N._.(C.CarType.N._.(C.Manufacturer.미니._.(C.ModelGroup.쿠퍼._.Model.쿠퍼 S.)))),"http://www.encar.com/fc/fc_carsearchlist.do?carType=for&searchType=model&TG.R=B#!{""action"":""(And.Hidden.N._.(C.CarType.N._.(C.Manufacturer.미니._.(C.ModelGroup.쿠퍼._.Model.쿠퍼 S.))))"",""toggle"":{},""layer"":"""",""sort"":""ModifiedDate"",""page"":1,""limit"":20}"
Nissan,Altima,408,X,MIDDLE,1450,Japan,http://api.encar.com/search/car/list/premium?count=true&sr=|ModifiedDate|0|5&q=(And.Hidden.N._.(C.CarType.N._.(C.Manufacturer.닛산._.(C.ModelGroup.알티마._.Model.알티마.)))),"http://www.encar.com/fc/fc_carsearchlist.do?carType=for&searchType=model&TG.R=B#!{""action"":""(And.Hidden.N._.(C.CarType.N._.(C.Manufacturer.닛산._.(C.ModelGroup.알티마._.Model.알티마.))))"",""toggle"":{},""layer"":"""",""sort"":""ModifiedDate"",""page"":1,""limit"":20}"
Porsche,911,748,X,SPORT,15647,Germany,http://api.encar.com/search/car/list/premium?count=true&sr=|ModifiedDate|0|5&q=(And.Hidden.N._.(C.CarType.N._.(C.Manufacturer.포르쉐._.(C.ModelGroup.911._.Model.911.)))),"http://www.encar.com/fc/fc_carsearchlist.do?carType=for&searchType=model&TG.R=B#!{""action"":""(And.Hidden.N._.(C.CarType.N._.(C.Manufacturer.포르쉐._.(C.ModelGroup.911._.Model.911.))))"",""toggle"":{},""layer"":"""",""sort"":""ModifiedDate"",""page"":1,""limit"":20}"
Porsche,Boxster,449,X,SPORT,8668,Germany,http://api.encar.com/search/car/list/premium?count=true&sr=|ModifiedDate|0|5&q=(And.Hidden.N._.(C.CarType.N._.(C.Manufacturer.포르쉐._.(C.ModelGroup.박스터._.Model.박스터.)))),"http://www.encar.com/fc/fc_carsearchlist.do?carType=for&searchType=model&TG.R=B#!{""action"":""(And.Hidden.N._.(C.CarType.N._.(C.Manufacturer.포르쉐._.(C.ModelGroup.박스터._.Model.박스터.))))"",""toggle"":{},""layer"":"""",""sort"":""ModifiedDate"",""page"":1,""limit"":20}"
Porsche,Macan,392,X,SUV/RV,7351,Germany,http://api.encar.com/search/car/list/premium?count=true&sr=|ModifiedDate|0|5&q=(And.Hidden.N._.(C.CarType.N._.(C.Manufacturer.포르쉐._.(C.ModelGroup.마칸._.Model.마칸.)))),"http://www.encar.com/fc/fc_carsearchlist.do?carType=for&searchType=model&TG.R=B#!{""action"":""(And.Hidden.N._.(C.CarType.N._.(C.Manufacturer.포르쉐._.(C.ModelGroup.마칸._.Model.마칸.))))"",""toggle"":{},""layer"":"""",""sort"":""ModifiedDate"",""page"":1,""limit"":20}"
Porsche,New Cayenne,793,X,SUV/RV,9410,Germany,http://api.encar.com/search/car/list/premium?count=true&sr=|ModifiedDate|0|5&q=(And.Hidden.N._.(C.CarType.N._.(C.Manufacturer.포르쉐._.(C.ModelGroup.카이엔._.Model.뉴 카이엔.)))),"http://www.encar.com/fc/fc_carsearchlist.do?carType=for&searchType=model&TG.R=B#!{""action"":""(And.Hidden.N._.(C.CarType.N._.(C.Manufacturer.포르쉐._.(C.ModelGroup.카이엔._.Model.뉴 카이엔.))))"",""toggle"":{},""layer"":"""",""sort"":""ModifiedDate"",""page"":1,""limit"":20}"
Porsche,Panamera,445,O,BIG,16931,Germany,http://api.encar.com/search/car/list/premium?count=true&sr=|ModifiedDate|0|5&q=(And.Hidden.N._.(C.CarType.N._.(C.Manufacturer.포르쉐._.(C.ModelGroup.파나메라._.Model.파나메라.)))),"http://www.encar.com/fc/fc_carsearchlist.do?carType=for&searchType=model&TG.R=B#!{""action"":""(And.Hidden.N._.(C.CarType.N._.(C.Manufacturer.포르쉐._.(C.ModelGroup.파나메라._.Model.파나메라.))))"",""toggle"":{},""layer"":"""",""sort"":""ModifiedDate"",""page"":1,""limit"":20}"
Renault-Samsung,All New SM7,575,X,BIG,1534,Korea,http://api.encar.com/search/car/list/premium?count=true&sr=|ModifiedDate|0|5&q=(And.Hidden.N._.(C.CarType.Y._.(C.Manufacturer.르노삼성._.(C.ModelGroup.SM7._.Model.All New SM7.)))),"http://www.encar.com/fc/fc_carsearchlist.do?carType=for&searchType=model&TG.R=B#!{""action"":""(And.Hidden.N._.(C.CarType.Y._.(C.Manufacturer.르노삼성._.(C.ModelGroup.SM7._.Model.All New SM7.))))"",""toggle"":{},""layer"":"""",""sort"":""ModifiedDate"",""page"":1,""limit"":20}"
Renault-Samsung,New SM3,400,X,SMALL/COMPACT,857,Korea,http://api.encar.com/search/car/list/premium?count=true&sr=|ModifiedDate|0|5&q=(And.Hidden.N._.(C.CarType.Y._.(C.Manufacturer.르노삼성._.(C.ModelGroup.SM3._.Model.뉴SM3.)))),"http://www.encar.com/fc/fc_carsearchlist.do?carType=for&searchType=model&TG.R=B#!{""action"":""(And.Hidden.N._.(C.CarType.Y._.(C.Manufacturer.르노삼성._.(C.ModelGroup.SM3._.Model.뉴SM3.))))"",""toggle"":{},""layer"":"""",""sort"":""ModifiedDate"",""page"":1,""limit"":20}"
Renault-Samsung,New SM5,508,X,MIDDLE,314,Korea,http://api.encar.com/search/car/list/premium?count=true&sr=|ModifiedDate|0|5&q=(And.Hidden.N._.(C.CarType.Y._.(C.Manufacturer.르노삼성._.(C.ModelGroup.SM5._.Model.뉴SM5.)))),"http://www.encar.com/fc/fc_carsearchlist.do?carType=for&searchType=model&TG.R=B#!{""action"":""(And.Hidden.N._.(C.CarType.Y._.(C.Manufacturer.르노삼성._.(C.ModelGroup.SM5._.Model.뉴SM5.))))"",""toggle"":{},""layer"":"""",""sort"":""ModifiedDate"",""page"":1,""limit"":20}"
Renault-Samsung,New SM5 Platinum,713,X,MIDDLE,1148,Korea,http://api.encar.com/search/car/list/premium?count=true&sr=|ModifiedDate|0|5&q=(And.Hidden.N._.(C.CarType.Y._.(C.Manufacturer.르노삼성._.(C.ModelGroup.SM5._.Model.뉴SM5 플래티넘.)))),"http://www.encar.com/fc/fc_carsearchlist.do?carType=for&searchType=model&TG.R=B#!{""action"":""(And.Hidden.N._.(C.CarType.Y._.(C.Manufacturer.르노삼성._.(C.ModelGroup.SM5._.Model.뉴SM5 플래티넘.))))"",""toggle"":{},""layer"":"""",""sort"":""ModifiedDate"",""page"":1,""limit"":20}"
Renault-Samsung,New SM5(new),765,X,MIDDLE,703,Korea,http://api.encar.com/search/car/list/premium?count=true&sr=|ModifiedDate|0|5&q=(And.Hidden.N._.(C.CarType.Y._.(C.Manufacturer.르노삼성._.(C.ModelGroup.SM5._.Model.뉴SM5(신형_).)))),"http://www.encar.com/fc/fc_carsearchlist.do?carType=for&searchType=model&TG.R=B#!{""action"":""(And.Hidden.N._.(C.CarType.Y._.(C.Manufacturer.르노삼성._.(C.ModelGroup.SM5._.Model.뉴SM5(신형_).))))"",""toggle"":{},""layer"":"""",""sort"":""ModifiedDate"",""page"":1,""limit"":20}"
Renault-Samsung,QM3,383,X,SUV/RV,1152,Korea,http://api.encar.com/search/car/list/premium?count=true&sr=|ModifiedDate|0|5&q=(And.Hidden.N._.(C.CarType.Y._.(C.Manufacturer.르노삼성._.(C.ModelGroup.QM3._.Model.QM3.)))),"http://www.encar.com/fc/fc_carsearchlist.do?carType=for&searchType=model&TG.R=B#!{""action"":""(And.Hidden.N._.(C.CarType.Y._.(C.Manufacturer.르노삼성._.(C.ModelGroup.QM3._.Model.QM3.))))"",""toggle"":{},""layer"":"""",""sort"":""ModifiedDate"",""page"":1,""limit"":20}"
Renault-Samsung,QM6,478,X,SUV/RV,2563,Korea,http://api.encar.com/search/car/list/premium?count=true&sr=|ModifiedDate|0|5&q=(And.Hidden.N._.(C.CarType.Y._.(C.Manufacturer.르노삼성._.(C.ModelGroup.QM6._.Model.QM6.)))),"http://www.encar.com/fc/fc_carsearchlist.do?carType=for&searchType=model&TG.R=B#!{""action"":""(And.Hidden.N._.(C.CarType.Y._.(C.Manufacturer.르노삼성._.(C.ModelGroup.QM6._.Model.QM6.))))"",""toggle"":{},""layer"":"""",""sort"":""ModifiedDate"",""page"":1,""limit"":20}"
Renault-Samsung,SM5,492,X,MIDDLE,153,Korea,http://api.encar.com/search/car/list/premium?count=true&sr=|ModifiedDate|0|5&q=(And.Hidden.N._.(C.CarType.Y._.(C.Manufacturer.르노삼성._.(C.ModelGroup.SM5._.Model.SM5.)))),"http://www.encar.com/fc/fc_carsearchlist.do?carType=for&searchType=model&TG.R=B#!{""action"":""(And.Hidden.N._.(C.CarType.Y._.(C.Manufacturer.르노삼성._.(C.ModelGroup.SM5._.Model.SM5.))))"",""toggle"":{},""layer"":"""",""sort"":""ModifiedDate"",""page"":1,""limit"":20}"
Renault-Samsung,SM5 New Impression,610,X,MIDDLE,547,Korea,http://api.encar.com/search/car/list/premium?count=true&sr=|ModifiedDate|0|5&q=(And.Hidden.N._.(C.CarType.Y._.(C.Manufacturer.르노삼성._.(C.ModelGroup.SM5._.Model.SM5 뉴 임프레션.)))),"http://www.encar.com/fc/fc_carsearchlist.do?carType=for&searchType=model&TG.R=B#!{""action"":""(And.Hidden.N._.(C.CarType.Y._.(C.Manufacturer.르노삼성._.(C.ModelGroup.SM5._.Model.SM5 뉴 임프레션.))))"",""toggle"":{},""layer"":"""",""sort"":""ModifiedDate"",""page"":1,""limit"":20}"
Renault-Samsung,SM5 Nova,548,X,MIDDLE,1467,Korea,http://api.encar.com/search/car/list/premium?count=true&sr=|ModifiedDate|0|5&q=(And.Hidden.N._.(C.CarType.Y._.(C.Manufacturer.르노삼성._.(C.ModelGroup.SM5._.Model.SM5 노바.)))),"http://www.encar.com/fc/fc_carsearchlist.do?carType=for&searchType=model&TG.R=B#!{""action"":""(And.Hidden.N._.(C.CarType.Y._.(C.Manufacturer.르노삼성._.(C.ModelGroup.SM5._.Model.SM5 노바.))))"",""toggle"":{},""layer"":"""",""sort"":""ModifiedDate"",""page"":1,""limit"":20}"
Renault-Samsung,SM6,960,X,MIDDLE,2219,Korea,http://api.encar.com/search/car/list/premium?count=true&sr=|ModifiedDate|0|5&q=(And.Hidden.N._.(C.CarType.Y._.(C.Manufacturer.르노삼성._.(C.ModelGroup.SM6._.Model.SM6.)))),"http://www.encar.com/fc/fc_carsearchlist.do?carType=for&searchType=model&TG.R=B#!{""action"":""(And.Hidden.N._.(C.CarType.Y._.(C.Manufacturer.르노삼성._.(C.ModelGroup.SM6._.Model.SM6.))))"",""toggle"":{},""layer"":"""",""sort"":""ModifiedDate"",""page"":1,""limit"":20}"
Renault-Samsung,SM7 New Art,542,X,BIG,702,Korea,http://api.encar.com/search/car/list/premium?count=true&sr=|ModifiedDate|0|5&q=(And.Hidden.N._.(C.CarType.Y._.(C.Manufacturer.르노삼성._.(C.ModelGroup.SM7._.Model.SM7 New Art.)))),"http://www.encar.com/fc/fc_carsearchlist.do?carType=for&searchType=model&TG.R=B#!{""action"":""(And.Hidden.N._.(C.CarType.Y._.(C.Manufacturer.르노삼성._.(C.ModelGroup.SM7._.Model.SM7 New Art.))))"",""toggle"":{},""layer"":"""",""sort"":""ModifiedDate"",""page"":1,""limit"":20}"
Renault-Samsung,SM7 Nova,568,X,BIG,1632,Korea,http://api.encar.com/search/car/list/premium?count=true&sr=|ModifiedDate|0|5&q=(And.Hidden.N._.(C.CarType.Y._.(C.Manufacturer.르노삼성._.(C.ModelGroup.SM7._.Model.SM7 노바.)))),"http://www.encar.com/fc/fc_carsearchlist.do?carType=for&searchType=model&TG.R=B#!{""action"":""(And.Hidden.N._.(C.CarType.Y._.(C.Manufacturer.르노삼성._.(C.ModelGroup.SM7._.Model.SM7 노바.))))"",""toggle"":{},""layer"":"""",""sort"":""ModifiedDate"",""page"":1,""limit"":20}"
Ssangyong,Chairman W,412,X,BIG,1469,Korea,http://api.encar.com/search/car/list/premium?count=true&sr=|ModifiedDate|0|5&q=(And.Hidden.N._.(C.CarType.Y._.(C.Manufacturer.쌍용._.(C.ModelGroup.체어맨._.Model.체어맨 W.)))),"http://www.encar.com/fc/fc_carsearchlist.do?carType=for&searchType=model&TG.R=B#!{""action"":""(And.Hidden.N._.(C.CarType.Y._.(C.Manufacturer.쌍용._.(C.ModelGroup.체어맨._.Model.체어맨 W.))))"",""toggle"":{},""layer"":"""",""sort"":""ModifiedDate"",""page"":1,""limit"":20}"
Ssangyong,G4 Rexton,474,X,SUV/RV,3500,Korea,http://api.encar.com/search/car/list/premium?count=true&sr=|ModifiedDate|0|5&q=(And.Hidden.N._.(C.CarType.Y._.(C.Manufacturer.쌍용._.(C.ModelGroup.렉스턴._.Model.G4 렉스턴.)))),"http://www.encar.com/fc/fc_carsearchlist.do?carType=for&searchType=model&TG.R=B#!{""action"":""(And.Hidden.N._.(C.CarType.Y._.(C.Manufacturer.쌍용._.(C.ModelGroup.렉스턴._.Model.G4 렉스턴.))))"",""toggle"":{},""layer"":"""",""sort"":""ModifiedDate"",""page"":1,""limit"":20}"
Ssangyong,Korando Sports,617,X,SUV/RV,1555,Korea,http://api.encar.com/search/car/list/premium?count=true&sr=|ModifiedDate|0|5&q=(And.Hidden.N._.(C.CarType.Y._.(C.Manufacturer.쌍용._.(C.ModelGroup.코란도._.Model.코란도 스포츠.)))),"http://www.encar.com/fc/fc_carsearchlist.do?carType=for&searchType=model&TG.R=B#!{""action"":""(And.Hidden.N._.(C.CarType.Y._.(C.Manufacturer.쌍용._.(C.ModelGroup.코란도._.Model.코란도 스포츠.))))"",""toggle"":{},""layer"":"""",""sort"":""ModifiedDate"",""page"":1,""limit"":20}"
Ssangyong,Korando Turismo,633,X,SUV/RV,2370,Korea,http://api.encar.com/search/car/list/premium?count=true&sr=|ModifiedDate|0|5&q=(And.Hidden.N._.(C.CarType.Y._.(C.Manufacturer.쌍용._.(C.ModelGroup.코란도._.Model.코란도 투리스모.)))),"http://www.encar.com/fc/fc_carsearchlist.do?carType=for&searchType=model&TG.R=B#!{""action"":""(And.Hidden.N._.(C.CarType.Y._.(C.Manufacturer.쌍용._.(C.ModelGroup.코란도._.Model.코란도 투리스모.))))"",""toggle"":{},""layer"":"""",""sort"":""ModifiedDate"",""page"":1,""limit"":20}"
Ssangyong,New Chairman W,464,X,BIG,4085,Korea,http://api.encar.com/search/car/list/premium?count=true&sr=|ModifiedDate|0|5&q=(And.Hidden.N._.(C.CarType.Y._.(C.Manufacturer.쌍용._.(C.ModelGroup.체어맨._.Model.뉴체어맨 W.)))),"http://www.encar.com/fc/fc_carsearchlist.do?carType=for&searchType=model&TG.R=B#!{""action"":""(And.Hidden.N._.(C.CarType.Y._.(C.Manufacturer.쌍용._.(C.ModelGroup.체어맨._.Model.뉴체어맨 W.))))"",""toggle"":{},""layer"":"""",""sort"":""ModifiedDate"",""page"":1,""limit"":20}"
Ssangyong,New Korando,483,X,SUV/RV,1912,Korea,http://api.encar.com/search/car/list/premium?count=true&sr=|ModifiedDate|0|5&q=(And.Hidden.N._.(C.CarType.Y._.(C.Manufacturer.쌍용._.(C.ModelGroup.코란도._.Model.뉴코란도.)))),"http://www.encar.com/fc/fc_carsearchlist.do?carType=for&searchType=model&TG.R=B#!{""action"":""(And.Hidden.N._.(C.CarType.Y._.(C.Manufacturer.쌍용._.(C.ModelGroup.코란도._.Model.뉴코란도.))))"",""toggle"":{},""layer"":"""",""sort"":""ModifiedDate"",""page"":1,""limit"":20}"
Ssangyong,New KORANDO C,463,X,SUV/RV,1539,Korea,http://api.encar.com/search/car/list/premium?count=true&sr=|ModifiedDate|0|5&q=(And.Hidden.N._.(C.CarType.Y._.(C.Manufacturer.쌍용._.(C.ModelGroup.코란도._.Model.뉴코란도 C.)))),"http://www.encar.com/fc/fc_carsearchlist.do?carType=for&searchType=model&TG.R=B#!{""action"":""(And.Hidden.N._.(C.CarType.Y._.(C.Manufacturer.쌍용._.(C.ModelGroup.코란도._.Model.뉴코란도 C.))))"",""toggle"":{},""layer"":"""",""sort"":""ModifiedDate"",""page"":1,""limit"":20}"
Ssangyong,Rexton W,640,X,SUV/RV,1964,Korea,http://api.encar.com/search/car/list/premium?count=true&sr=|ModifiedDate|0|5&q=(And.Hidden.N._.(C.CarType.Y._.(C.Manufacturer.쌍용._.(C.ModelGroup.렉스턴._.Model.렉스턴 W.)))),"http://www.encar.com/fc/fc_carsearchlist.do?carType=for&searchType=model&TG.R=B#!{""action"":""(And.Hidden.N._.(C.CarType.Y._.(C.Manufacturer.쌍용._.(C.ModelGroup.렉스턴._.Model.렉스턴 W.))))"",""toggle"":{},""layer"":"""",""sort"":""ModifiedDate"",""page"":1,""limit"":20}"
Ssangyong,Super Rexton,417,X,SUV/RV,1229,Korea,http://api.encar.com/search/car/list/premium?count=true&sr=|ModifiedDate|0|5&q=(And.Hidden.N._.(C.CarType.Y._.(C.Manufacturer.쌍용._.(C.ModelGroup.렉스턴._.Model.슈퍼 렉스턴.)))),"http://www.encar.com/fc/fc_carsearchlist.do?carType=for&searchType=model&TG.R=B#!{""action"":""(And.Hidden.N._.(C.CarType.Y._.(C.Manufacturer.쌍용._.(C.ModelGroup.렉스턴._.Model.슈퍼 렉스턴.))))"",""toggle"":{},""layer"":"""",""sort"":""ModifiedDate"",""page"":1,""limit"":20}"
Ssangyong,Tivoli,501,X,SUV/RV,1604,Korea,http://api.encar.com/search/car/list/premium?count=true&sr=|ModifiedDate|0|5&q=(And.Hidden.N._.(C.CarType.Y._.(C.Manufacturer.쌍용._.(C.ModelGroup.티볼리._.Model.티볼리.)))),"http://www.encar.com/fc/fc_carsearchlist.do?carType=for&searchType=model&TG.R=B#!{""action"":""(And.Hidden.N._.(C.CarType.Y._.(C.Manufacturer.쌍용._.(C.ModelGroup.티볼리._.Model.티볼리.))))"",""toggle"":{},""layer"":"""",""sort"":""ModifiedDate"",""page"":1,""limit"":20}"
Toyota,New Camry,557,O,MIDDLE,1828,Japan,http://api.encar.com/search/car/list/premium?count=true&sr=|ModifiedDate|0|5&q=(And.Hidden.N._.(C.CarType.N._.(C.Manufacturer.도요타._.(C.ModelGroup.캠리._.Model.뉴 캠리.)))),"http://www.encar.com/fc/fc_carsearchlist.do?carType=for&searchType=model&TG.R=B#!{""action"":""(And.Hidden.N._.(C.CarType.N._.(C.Manufacturer.도요타._.(C.ModelGroup.캠리._.Model.뉴 캠리.))))"",""toggle"":{},""layer"":"""",""sort"":""ModifiedDate"",""page"":1,""limit"":20}"
Volkswagen,Golf MK6,853,X,SMALL/COMPACT,2070,Germany,http://api.encar.com/search/car/list/premium?count=true&sr=|ModifiedDate|0|5&q=(And.Hidden.N._.(C.CarType.N._.(C.Manufacturer.폭스바겐._.(C.ModelGroup.골프._.Model.골프 6세대.)))),"http://www.encar.com/fc/fc_carsearchlist.do?carType=for&searchType=model&TG.R=B#!{""action"":""(And.Hidden.N._.(C.CarType.N._.(C.Manufacturer.폭스바겐._.(C.ModelGroup.골프._.Model.골프 6세대.))))"",""toggle"":{},""layer"":"""",""sort"":""ModifiedDate"",""page"":1,""limit"":20}"
Volkswagen,Golf MK7,1411,X,SMALL/COMPACT,2247,Germany,http://api.encar.com/search/car/list/premium?count=true&sr=|ModifiedDate|0|5&q=(And.Hidden.N._.(C.CarType.N._.(C.Manufacturer.폭스바겐._.(C.ModelGroup.골프._.Model.골프 7세대.)))),"http://www.encar.com/fc/fc_carsearchlist.do?carType=for&searchType=model&TG.R=B#!{""action"":""(And.Hidden.N._.(C.CarType.N._.(C.Manufacturer.폭스바겐._.(C.ModelGroup.골프._.Model.골프 7세대.))))"",""toggle"":{},""layer"":"""",""sort"":""ModifiedDate"",""page"":1,""limit"":20}"
Volkswagen,NEW CC,819,X,MIDDLE,2352,Germany,http://api.encar.com/search/car/list/premium?count=true&sr=|ModifiedDate|0|5&q=(And.Hidden.N._.(C.CarType.N._.(C.Manufacturer.폭스바겐._.(C.ModelGroup.CC._.Model.뉴 CC.)))),"http://www.encar.com/fc/fc_carsearchlist.do?carType=for&searchType=model&TG.R=B#!{""action"":""(And.Hidden.N._.(C.CarType.N._.(C.Manufacturer.폭스바겐._.(C.ModelGroup.CC._.Model.뉴 CC.))))"",""toggle"":{},""layer"":"""",""sort"":""ModifiedDate"",""page"":1,""limit"":20}"
Volkswagen,New Tiguan,781,X,SUV/RV,2345,Germany,http://api.encar.com/search/car/list/premium?count=true&sr=|ModifiedDate|0|5&q=(And.Hidden.N._.(C.CarType.N._.(C.Manufacturer.폭스바겐._.(C.ModelGroup.티구안._.Model.뉴 티구안.)))),"http://www.encar.com/fc/fc_carsearchlist.do?carType=for&searchType=model&TG.R=B#!{""action"":""(And.Hidden.N._.(C.CarType.N._.(C.Manufacturer.폭스바겐._.(C.ModelGroup.티구안._.Model.뉴 티구안.))))"",""toggle"":{},""layer"":"""",""sort"":""ModifiedDate"",""page"":1,""limit"":20}"
Volkswagen,New Touareg,514,X,SUV/RV,5304,Germany,http://api.encar.com/search/car/list/premium?count=true&sr=|ModifiedDate|0|5&q=(And.Hidden.N._.(C.CarType.N._.(C.Manufacturer.폭스바겐._.(C.ModelGroup.투아렉._.Model.뉴 투아렉.)))),"http://www.encar.com/fc/fc_carsearchlist.do?carType=for&searchType=model&TG.R=B#!{""action"":""(And.Hidden.N._.(C.CarType.N._.(C.Manufacturer.폭스바겐._.(C.ModelGroup.투아렉._.Model.뉴 투아렉.))))"",""toggle"":{},""layer"":"""",""sort"":""ModifiedDate"",""page"":1,""limit"":20}"
Volkswagen,The New Passat,576,X,MIDDLE,1736,Germany,http://api.encar.com/search/car/list/premium?count=true&sr=|ModifiedDate|0|5&q=(And.Hidden.N._.(C.CarType.N._.(C.Manufacturer.폭스바겐._.(C.ModelGroup.파사트._.Model.더 뉴 파사트.)))),"http://www.encar.com/fc/fc_carsearchlist.do?carType=for&searchType=model&TG.R=B#!{""action"":""(And.Hidden.N._.(C.CarType.N._.(C.Manufacturer.폭스바겐._.(C.ModelGroup.파사트._.Model.더 뉴 파사트.))))"",""toggle"":{},""layer"":"""",""sort"":""ModifiedDate"",""page"":1,""limit"":20}"
Volvo,S60,378,X,MIDDLE,2293,Germany,http://api.encar.com/search/car/list/premium?count=true&sr=|ModifiedDate|0|5&q=(And.Hidden.N._.(C.CarType.N._.(C.Manufacturer.볼보._.(C.ModelGroup.S60._.Model.S60.)))),"http://www.encar.com/fc/fc_carsearchlist.do?carType=for&searchType=model&TG.R=B#!{""action"":""(And.Hidden.N._.(C.CarType.N._.(C.Manufacturer.볼보._.(C.ModelGroup.S60._.Model.S60.))))"",""toggle"":{},""layer"":"""",""sort"":""ModifiedDate"",""page"":1,""limit"":20}"
Volvo,XC90 2nd,707,O,SUV/RV,3171,Germany,http://api.encar.com/search/car/list/premium?count=true&sr=|ModifiedDate|0|5&q=(And.Hidden.N._.(C.CarType.N._.(C.Manufacturer.볼보._.(C.ModelGroup.XC90._.Model.XC90 2세대.)))),"http://www.encar.com/fc/fc_carsearchlist.do?carType=for&searchType=model&TG.R=B#!{""action"":""(And.Hidden.N._.(C.CarType.N._.(C.Manufacturer.볼보._.(C.ModelGroup.XC90._.Model.XC90 2세대.))))"",""toggle"":{},""layer"":"""",""sort"":""ModifiedDate"",""page"":1,""limit"":20}"